,val_accuracy,accuracy,loss,val_loss
0,0.5401583909988403,0.5560200810432434,2.5555500984191895,0.8523305058479309
1,0.6179298758506775,0.733834981918335,0.6820572018623352,0.7225034832954407
2,0.6422511339187622,0.8284559845924377,0.5037922263145447,0.7534137964248657
3,0.6453620195388794,0.8492196202278137,0.45086151361465454,0.7453060150146484
4,0.6566742062568665,0.8687291145324707,0.413249135017395,0.8143759369850159
5,0.600395917892456,0.8755574226379395,0.3934530019760132,0.7648352980613708
6,0.6527149081230164,0.8730490803718567,0.39235058426856995,0.807410717010498
7,0.658088207244873,0.8794593214988708,0.3820865750312805,0.9311387538909912
8,0.6569570302963257,0.8850334286689758,0.36729541420936584,0.8233898282051086
9,0.6532805562019348,0.8922798037528992,0.3558269441127777,0.8656010627746582
10,0.6648755669593811,0.8907469511032104,0.3510764241218567,0.9023842215538025
11,0.658088207244873,0.9025919437408447,0.33716848492622375,0.9650993943214417
12,0.663744330406189,0.9059364795684814,0.328006386756897,0.9590286612510681
13,0.6578054428100586,0.9038461446762085,0.3289385735988617,0.9375463724136353
14,0.6521493196487427,0.9037067890167236,0.3281792998313904,0.9350488185882568
15,0.6513009071350098,0.9084448218345642,0.321064293384552,0.8906290531158447
16,0.651583731174469,0.9064938426017761,0.31727728247642517,0.9972466230392456
17,0.6473416090011597,0.9112318754196167,0.31098952889442444,1.2026039361953735
18,0.6447963714599609,0.903288722038269,0.321996808052063,1.1558314561843872
19,0.6555429697036743,0.9148550629615784,0.3025234341621399,1.001802921295166
20,0.6521493196487427,0.9163879752159119,0.29902270436286926,1.073391079902649
21,0.658088207244873,0.9179208278656006,0.29511138796806335,0.9640911817550659
22,0.6382918357849121,0.9113712310791016,0.2997475862503052,1.1204355955123901
23,0.6558257937431335,0.915273129940033,0.2948682904243469,1.1008696556091309
24,0.6549773812294006,0.9188963174819946,0.28320053219795227,1.1375656127929688
25,0.6527149081230164,0.9170847535133362,0.28379520773887634,0.9959564805030823
26,0.6510180830955505,0.9129041433334351,0.2865152955055237,1.1265380382537842
27,0.6569570302963257,0.9057971239089966,0.2955188751220703,0.9881584048271179
28,0.5967194437980652,0.9173634052276611,0.2723460793495178,0.9854140281677246
29,0.6535633206367493,0.9188963174819946,0.2713957726955414,1.1421053409576416
30,0.6459276080131531,0.9186176061630249,0.2642931640148163,1.2540031671524048
31,0.6552602052688599,0.9198718070983887,0.2636472284793854,1.1786421537399292
32,0.6399886608123779,0.9194537401199341,0.25473055243492126,1.0678536891937256
33,0.6513009071350098,0.9158305525779724,0.2601113021373749,1.0061854124069214
34,0.6162330508232117,0.9176421165466309,0.26144570112228394,1.118778109550476
35,0.6442307829856873,0.9170847535133362,0.2562650740146637,1.1076595783233643
36,0.6504524946212769,0.9201505184173584,0.24888469278812408,1.1979964971542358
37,0.6541289687156677,0.9176421165466309,0.2500801086425781,1.2122243642807007
38,0.6541289687156677,0.9200111627578735,0.2442999631166458,1.0967835187911987
39,0.6425339579582214,0.9155518412590027,0.2510979175567627,1.2765555381774902
40,0.6368778347969055,0.9090022444725037,0.2699717879295349,1.0639680624008179
41,0.6521493196487427,0.9212653040885925,0.23641003668308258,1.2039904594421387
42,0.6456447839736938,0.9221014380455017,0.23137445747852325,1.2492105960845947
43,0.6238687634468079,0.9223801493644714,0.2272069752216339,1.1342605352401733
44,0.6493212580680847,0.9148550629615784,0.2598351836204529,1.1861103773117065
45,0.6275452375411987,0.9204292297363281,0.22854755818843842,1.1371924877166748
46,0.6023755669593811,0.9215440154075623,0.22058360278606415,1.1036267280578613
47,0.6247171759605408,0.9148550629615784,0.2405533641576767,1.1350805759429932
48,0.6518664956092834,0.9222407937049866,0.21601876616477966,1.2547798156738281
49,0.6213235259056091,0.9211259484291077,0.21981976926326752,1.142063021659851
50,0.6518664956092834,0.9181995391845703,0.22510378062725067,1.206682562828064
51,0.6470588445663452,0.9233556389808655,0.2074795365333557,1.3778756856918335
52,0.6300904750823975,0.9230769276618958,0.2002074122428894,1.417734146118164
53,0.620192289352417,0.8986901044845581,0.27935415506362915,1.247726321220398
54,0.6566742062568665,0.9204292297363281,0.20416344702243805,1.1793380975723267
55,0.6510180830955505,0.9226588606834412,0.19086475670337677,1.138031244277954
56,0.6821267008781433,0.921822726726532,0.18934573233127594,1.0380725860595703
57,0.6617646813392639,0.9232162833213806,0.18573534488677979,1.1427478790283203
58,0.6858031749725342,0.9226588606834412,0.18297575414180756,1.0931830406188965
59,0.706447958946228,0.9223801493644714,0.1838318407535553,1.0756853818893433
60,0.6747737526893616,0.9237737059593201,0.1774751991033554,1.1936768293380737
61,0.7010746598243713,0.9216833710670471,0.1840708702802658,1.1674058437347412
62,0.690328061580658,0.9148550629615784,0.20236782729625702,1.0788112878799438
63,0.7118212580680847,0.9237737059593201,0.17505154013633728,1.0876069068908691
64,0.6660068035125732,0.9247491359710693,0.18010984361171722,1.2235912084579468
65,0.6473416090011597,0.9342252016067505,0.1743181198835373,1.1330727338790894
66,0.7146493196487427,0.9339464902877808,0.18190178275108337,1.103632926940918
67,0.6447963714599609,0.9364548325538635,0.172231525182724,1.305479884147644
68,0.6611990928649902,0.9420289993286133,0.17059341073036194,1.2387820482254028
69,0.6575226187705994,0.9343645572662354,0.1854141503572464,1.1271073818206787
70,0.6445135474205017,0.9446766972541809,0.17256341874599457,1.271756649017334
71,0.6583710312843323,0.9476031064987183,0.17145031690597534,1.073318362236023
72,0.6674208045005798,0.9506688714027405,0.16663596034049988,1.0797375440597534
73,0.6518664956092834,0.9572185277938843,0.15771715342998505,1.0829493999481201
74,0.6402714848518372,0.958751380443573,0.1536383181810379,1.1158257722854614
75,0.6730769276618958,0.9609810709953308,0.15112701058387756,1.4215549230575562
76,0.6648755669593811,0.9595875144004822,0.15609297156333923,1.0736491680145264
77,0.5641968250274658,0.948857307434082,0.17811426520347595,1.3857312202453613
78,0.5975678563117981,0.926142692565918,0.21845436096191406,1.437851905822754
79,0.6645927429199219,0.9561036825180054,0.1613832414150238,1.2380759716033936
80,0.6880655884742737,0.959726870059967,0.14895261824131012,1.2391891479492188
81,0.6872171759605408,0.9622352123260498,0.14298051595687866,1.279849886894226
82,0.6433823704719543,0.9615384340286255,0.14542636275291443,1.0358117818832397
83,0.6436651349067688,0.9605630040168762,0.14668498933315277,1.3559669256210327
84,0.6374434232711792,0.9607023596763611,0.14945769309997559,1.1180261373519897
85,0.6097285151481628,0.9641861915588379,0.141851544380188,1.142102599143982
86,0.6891968250274658,0.9632107019424438,0.1418178677558899,1.3750107288360596
87,0.6654411554336548,0.9644649028778076,0.1378653347492218,1.1380406618118286
88,0.6668552160263062,0.965300977230072,0.13527095317840576,1.1569713354110718
89,0.6858031749725342,0.9644649028778076,0.13591930270195007,1.3028347492218018
90,0.6784502267837524,0.9626532793045044,0.14373067021369934,1.2085009813308716
91,0.6662895679473877,0.9644649028778076,0.13848964869976044,1.2668354511260986
92,0.6295248866081238,0.960841715335846,0.14780288934707642,1.3087457418441772
93,0.6513009071350098,0.9659977555274963,0.1348339021205902,1.2287319898605347
94,0.6575226187705994,0.9658583998680115,0.13213515281677246,1.227504014968872
95,0.6730769276618958,0.9661371111869812,0.13356073200702667,1.2260794639587402
96,0.6643099784851074,0.9646042585372925,0.13631772994995117,1.198159098625183
97,0.6674208045005798,0.9657190442085266,0.1337614506483078,1.1637437343597412
98,0.679864227771759,0.9648829698562622,0.1355305314064026,1.3614352941513062
99,0.6436651349067688,0.9607023596763611,0.14539340138435364,1.3464230298995972
100,0.6776018142700195,0.9636287689208984,0.1381932497024536,1.2247895002365112
101,0.6852375268936157,0.9651616215705872,0.13318774104118347,1.279341220855713
102,0.6906108856201172,0.9657190442085266,0.12834963202476501,1.285677433013916
103,0.5520362257957458,0.9669732451438904,0.12819267809391022,1.4342396259307861
104,0.6312217116355896,0.9611204266548157,0.14429451525211334,1.3221441507339478
105,0.610859751701355,0.964046835899353,0.13443464040756226,1.321276307106018
106,0.6518664956092834,0.9655796885490417,0.1306195855140686,1.2516059875488281
107,0.6238687634468079,0.967391312122345,0.12516549229621887,1.2635893821716309
108,0.6252828240394592,0.9668338894844055,0.12784087657928467,1.1101481914520264
109,0.6442307829856873,0.967391312122345,0.12565188109874725,1.1605671644210815
110,0.6097285151481628,0.9666945338249207,0.12518808245658875,1.3711426258087158
111,0.6363122463226318,0.9680880904197693,0.12363043427467346,1.4387251138687134
112,0.6538461446762085,0.9664158225059509,0.12581929564476013,1.2541749477386475
113,0.6795814633369446,0.9519230723381042,0.16920916736125946,1.2534074783325195
114,0.6224547624588013,0.9659977555274963,0.12652692198753357,1.2344393730163574
115,0.6501696705818176,0.9680880904197693,0.12180903553962708,1.2314881086349487
116,0.6456447839736938,0.968366801738739,0.11994200199842453,1.1741379499435425
117,0.6674208045005798,0.9659977555274963,0.1257520169019699,1.2144302129745483
118,0.6071832776069641,0.967391312122345,0.12139773368835449,1.3654613494873047
119,0.6077488660812378,0.968366801738739,0.12018657475709915,1.2988096475601196
120,0.6563913822174072,0.9651616215705872,0.1265973597764969,1.1977994441986084
121,0.6216063499450684,0.9669732451438904,0.12445314973592758,1.400432825088501
122,0.6088801026344299,0.9675306677818298,0.12082263082265854,1.3088632822036743
123,0.5975678563117981,0.968366801738739,0.11808726191520691,1.259431004524231
124,0.5839931964874268,0.9680880904197693,0.1198258176445961,1.2980694770812988
125,0.6190611124038696,0.965300977230072,0.1263151913881302,1.2663615942001343
126,0.6603506803512573,0.9672519564628601,0.12139693647623062,1.2739434242248535
127,0.6719456911087036,0.9651616215705872,0.12809927761554718,1.215861439704895
128,0.6790158152580261,0.9417502880096436,0.1782158464193344,1.08168625831604
129,0.689479649066925,0.9679487347602844,0.11959026008844376,1.2655646800994873
130,0.6462104320526123,0.9658583998680115,0.12425447255373001,1.243875503540039
131,0.6818438768386841,0.9675306677818298,0.11960633844137192,1.2328602075576782
132,0.6563913822174072,0.9682274460792542,0.11653701961040497,1.2119591236114502
133,0.623020350933075,0.9687848091125488,0.1148691400885582,1.1713309288024902
134,0.6442307829856873,0.9689241647720337,0.11485189199447632,1.1684997081756592
135,0.6532805562019348,0.9685061573982239,0.11515499651432037,1.2654976844787598
136,0.6838235259056091,0.9680880904197693,0.11670730262994766,1.3493939638137817
137,0.6337669491767883,0.9671126008033752,0.12205285578966141,1.3645771741867065
138,0.6102941036224365,0.9686455130577087,0.11669992655515671,1.326525092124939
139,0.6484728455543518,0.9666945338249207,0.11779040843248367,1.3379132747650146
140,0.689479649066925,0.9509475827217102,0.1752828061580658,1.2541484832763672
141,0.6818438768386841,0.9671126008033752,0.12563100457191467,1.1646784543991089
142,0.629807710647583,0.9679487347602844,0.1171787679195404,1.186364769935608
143,0.6535633206367493,0.9685061573982239,0.11391084641218185,1.212230920791626
144,0.6620475053787231,0.9689241647720337,0.11258503049612045,1.1541602611541748
145,0.6348981857299805,0.9687848091125488,0.11345940828323364,1.2263331413269043
146,0.668552041053772,0.9686455130577087,0.11236747354269028,1.2076226472854614
147,0.6696832776069641,0.9689241647720337,0.11405441910028458,1.1650680303573608
148,0.6677036285400391,0.9686455130577087,0.11560582369565964,1.2061773538589478
149,0.6145362257957458,0.9692028760910034,0.11162202060222626,1.2543377876281738
150,0.6623303294181824,0.9685061573982239,0.1138802096247673,1.2724454402923584
151,0.668552041053772,0.9687848091125488,0.11350040137767792,1.155898094177246
152,0.6645927429199219,0.9692028760910034,0.1115579679608345,1.1924889087677002
153,0.6843891143798828,0.9693422317504883,0.11138767749071121,1.3657974004745483
154,0.6456447839736938,0.9542920589447021,0.13644616305828094,1.5855759382247925
155,0.6085972785949707,0.9609810709953308,0.13304933905601501,1.3516026735305786
156,0.5992646813392639,0.9655796885490417,0.12691380083560944,1.4071120023727417
157,0.654411792755127,0.9669732451438904,0.11840777099132538,1.2925511598587036
158,0.6340497732162476,0.9689241647720337,0.11199462413787842,1.3117247819900513
159,0.629807710647583,0.9694815874099731,0.10978198051452637,1.2662307024002075
160,0.6603506803512573,0.9685061573982239,0.11140590161085129,1.2969224452972412
161,0.5885180830955505,0.9658583998680115,0.12147832661867142,1.5850775241851807
162,0.6043552160263062,0.969620943069458,0.11100316047668457,1.2810744047164917
163,0.47709277272224426,0.9672519564628601,0.11906741559505463,2.06205153465271
164,0.6739253401756287,0.9406354427337646,0.17412503063678741,1.2515485286712646
165,0.6719456911087036,0.9676700234413147,0.1321408897638321,1.1999746561050415
166,0.6872171759605408,0.9698996543884277,0.11143267899751663,1.2023192644119263
167,0.6648755669593811,0.9692028760910034,0.1095452681183815,1.168207049369812
168,0.6470588445663452,0.9693422317504883,0.10802297294139862,1.2023077011108398
169,0.648755669593811,0.9698996543884277,0.10744418203830719,1.1693370342254639
170,0.6453620195388794,0.9698996543884277,0.10692818462848663,1.1547040939331055
171,0.6906108856201172,0.9697602987289429,0.10678206384181976,1.2488025426864624
172,0.6713801026344299,0.9700390100479126,0.10699942708015442,1.2161192893981934
173,0.6501696705818176,0.969620943069458,0.10658474266529083,1.1358726024627686
174,0.6479072570800781,0.9697602987289429,0.10681875050067902,1.1017756462097168
175,0.6360294222831726,0.9698996543884277,0.10626021772623062,1.1800522804260254
176,0.6309388875961304,0.9703177213668823,0.10625036060810089,1.1496222019195557
177,0.6442307829856873,0.9694815874099731,0.10894352942705154,1.1904618740081787
178,0.6176470518112183,0.9680880904197693,0.11205042898654938,1.2552101612091064
179,0.6142534017562866,0.9678093791007996,0.11543498188257217,1.2526897192001343
180,0.665723979473114,0.9558249711990356,0.15115363895893097,1.1231555938720703
181,0.6773189902305603,0.9693422317504883,0.11248885840177536,1.198635458946228
182,0.6541289687156677,0.9700390100479126,0.10627125948667526,1.175175428390503
183,0.6611990928649902,0.9700390100479126,0.10605279356241226,1.1441993713378906
184,0.6691176295280457,0.9700390100479126,0.10480477660894394,1.1892040967941284
185,0.6583710312843323,0.9698996543884277,0.10454878211021423,1.151343584060669
186,0.6730769276618958,0.9703177213668823,0.1047021895647049,1.197243094444275
187,0.6470588445663452,0.9698996543884277,0.10503362119197845,1.236545443534851
188,0.6623303294181824,0.9700390100479126,0.10443047434091568,1.220648169517517
189,0.6962669491767883,0.9590300917625427,0.14293792843818665,1.257996678352356
190,0.6886312365531921,0.9693422317504883,0.10908062756061554,1.2597612142562866
191,0.679864227771759,0.9697602987289429,0.10419902950525284,1.150229573249817
192,0.6880655884742737,0.9698996543884277,0.1041576936841011,1.2624152898788452
193,0.6722285151481628,0.9701783657073975,0.10510209947824478,1.1686302423477173
194,0.6679864525794983,0.9701783657073975,0.10332793742418289,1.2001266479492188
195,0.6122737526893616,0.9698996543884277,0.10435737669467926,1.2819247245788574
196,0.6374434232711792,0.9697602987289429,0.10552141070365906,1.2277302742004395
197,0.641968309879303,0.9697602987289429,0.10365326702594757,1.1709307432174683
198,0.6546945571899414,0.9701783657073975,0.10318390280008316,1.2729861736297607
199,0.6501696705818176,0.9700390100479126,0.10456295311450958,1.236340880393982
200,0.6083144545555115,0.9680880904197693,0.10761038959026337,1.4856200218200684
201,0.5989819169044495,0.9542920589447021,0.16525883972644806,1.3960777521133423
202,0.6668552160263062,0.9672519564628601,0.11617425829172134,1.3311500549316406
203,0.595588207244873,0.9693422317504883,0.10515696555376053,1.3802553415298462
204,0.639140248298645,0.9703177213668823,0.10310482233762741,1.2188234329223633
205,0.623020350933075,0.9704570770263672,0.10202797502279282,1.2342618703842163
206,0.6521493196487427,0.970596432685852,0.10202910006046295,1.2074154615402222
207,0.617364227771759,0.9701783657073975,0.10144411027431488,1.2196286916732788
208,0.6484728455543518,0.9703177213668823,0.1018301397562027,1.2254685163497925
209,0.6546945571899414,0.9697602987289429,0.10372059047222137,1.3451484441757202
210,0.5947397947311401,0.9680880904197693,0.1140085905790329,1.4919921159744263
211,0.6360294222831726,0.9680880904197693,0.11447494477033615,1.2487566471099854
212,0.6660068035125732,0.969620943069458,0.10422408580780029,1.2103937864303589
213,0.6713801026344299,0.9693422317504883,0.10457577556371689,1.2938177585601807
214,0.6464931964874268,0.9698996543884277,0.1018301248550415,1.272173285484314
215,0.6535633206367493,0.970596432685852,0.10031063854694366,1.2524160146713257
216,0.6360294222831726,0.9703177213668823,0.10081169754266739,1.2310919761657715
217,0.6224547624588013,0.9701783657073975,0.10044395923614502,1.2681748867034912
218,0.6442307829856873,0.9698996543884277,0.10391125082969666,1.2905247211456299
219,0.579468309879303,0.9700390100479126,0.10157676041126251,1.2437537908554077
220,0.6399886608123779,0.9324135780334473,0.2338581085205078,1.046409249305725
221,0.6631787419319153,0.9697602987289429,0.11608410626649857,1.0989962816238403
222,0.6597850918769836,0.9701783657073975,0.1076340451836586,1.1195896863937378
223,0.6295248866081238,0.9703177213668823,0.1044493019580841,1.1707032918930054
224,0.6388574838638306,0.9701783657073975,0.1056317687034607,1.1742721796035767
225,0.6295248866081238,0.9703177213668823,0.1022169217467308,1.1785746812820435
226,0.6363122463226318,0.9704570770263672,0.10099972039461136,1.1636919975280762
227,0.5938913822174072,0.970596432685852,0.10067693144083023,1.1942696571350098
228,0.6337669491767883,0.9703177213668823,0.10044743120670319,1.194952130317688
229,0.6312217116355896,0.970596432685852,0.09996611624956131,1.1963268518447876
230,0.6377262473106384,0.9701783657073975,0.09992660582065582,1.1819299459457397
231,0.6433823704719543,0.9704570770263672,0.1002984344959259,1.1944999694824219
232,0.6504524946212769,0.9703177213668823,0.09985791146755219,1.189461588859558
233,0.6241515874862671,0.970596432685852,0.09922212362289429,1.20328950881958
234,0.6332013607025146,0.9704570770263672,0.09914807230234146,1.2663278579711914
235,0.5913461446762085,0.970596432685852,0.09945361316204071,1.258712887763977
236,0.6411198973655701,0.9704570770263672,0.09949247539043427,1.2664510011672974
237,0.5910633206367493,0.9704570770263672,0.09955549240112305,1.3340418338775635
238,0.620192289352417,0.9703177213668823,0.10063737630844116,1.258744716644287
239,0.570135772228241,0.9701783657073975,0.09986193478107452,1.2910350561141968
240,0.6648755669593811,0.9651616215705872,0.12026376277208328,1.3541896343231201
241,0.6094456911087036,0.9690635204315186,0.10978564620018005,1.2526386976242065
242,0.6323529481887817,0.9698996543884277,0.10026752948760986,1.1749120950698853
243,0.6759049892425537,0.9701783657073975,0.10084111243486404,1.3147902488708496
244,0.6654411554336548,0.9704570770263672,0.09905321896076202,1.2597848176956177
245,0.5588235259056091,0.9690635204315186,0.10394129902124405,1.3374110460281372
246,0.6578054428100586,0.9682274460792542,0.10769610106945038,1.1942157745361328
247,0.6770362257957458,0.9697602987289429,0.10099106281995773,1.3300522565841675
248,0.6275452375411987,0.9671126008033752,0.10674785822629929,1.3418309688568115
249,0.6266968250274658,0.9703177213668823,0.09963936358690262,1.3095601797103882
250,0.6210407018661499,0.970596432685852,0.09814345091581345,1.2564690113067627
251,0.5678732991218567,0.9707357883453369,0.09771367907524109,1.292602777481079
252,0.5749434232711792,0.9686455130577087,0.1048385351896286,1.345015048980713
253,0.6397058963775635,0.9641861915588379,0.1209457516670227,1.4567193984985352
254,0.5732465982437134,0.968366801738739,0.1086583361029625,1.4936145544052124
255,0.6538461446762085,0.9707357883453369,0.09881278872489929,1.23174250125885
256,0.6959841847419739,0.9707357883453369,0.09730187803506851,1.2942487001419067
257,0.6176470518112183,0.9786789417266846,0.09093096107244492,1.5371335744857788
258,0.5800339579582214,0.9835562705993652,0.08278514444828033,1.5459072589874268
259,0.622171938419342,0.9813266396522522,0.08868537843227386,1.6192277669906616
260,0.5953054428100586,0.9834169745445251,0.08455310016870499,1.405045747756958
261,0.5695701241493225,0.9841136932373047,0.08002826571464539,1.455367922782898
262,0.5882353186607361,0.9843924045562744,0.07854102551937103,1.4733179807662964
263,0.5936086177825928,0.9843924045562744,0.07776157557964325,1.403097152709961
264,0.6006787419319153,0.9841136932373047,0.07835127413272858,1.4676756858825684
265,0.6037895679473877,0.9842530488967896,0.07971931993961334,1.3592557907104492
266,0.6100113391876221,0.9842530488967896,0.07858525216579437,1.4160226583480835
267,0.6018099784851074,0.9388238787651062,0.2041909396648407,1.5596425533294678
268,0.595588207244873,0.9832776188850403,0.08835143595933914,1.3470826148986816
269,0.5873869061470032,0.9842530488967896,0.07985255867242813,1.3484262228012085
270,0.6510180830955505,0.9834169745445251,0.08258434385061264,1.2736788988113403
271,0.6414027214050293,0.9843924045562744,0.07748477905988693,1.2675728797912598
272,0.6252828240394592,0.9843924045562744,0.07664305716753006,1.22125244140625
273,0.629807710647583,0.9843924045562744,0.07643590122461319,1.222059965133667
274,0.6238687634468079,0.9843924045562744,0.07620257884263992,1.2162361145019531
275,0.6023755669593811,0.9843924045562744,0.07582319527864456,1.2267568111419678
276,0.6057692170143127,0.9843924045562744,0.07560896873474121,1.243154525756836
277,0.6289592981338501,0.9843924045562744,0.07563326507806778,1.2680691480636597
278,0.6306561231613159,0.9839743375778198,0.07634032517671585,1.2706326246261597
279,0.6145362257957458,0.9843924045562744,0.07614486664533615,1.2429057359695435
280,0.6332013607025146,0.9843924045562744,0.07591740041971207,1.2867043018341064
281,0.6414027214050293,0.9842530488967896,0.07758402824401855,1.3072344064712524
282,0.6332013607025146,0.9842530488967896,0.07585699111223221,1.2705439329147339
283,0.617364227771759,0.9842530488967896,0.07529882341623306,1.2768418788909912
284,0.6315045356750488,0.9843924045562744,0.0752151757478714,1.2718814611434937
285,0.639140248298645,0.9843924045562744,0.07553672045469284,1.2037513256072998
286,0.5574095249176025,0.9839743375778198,0.08066067099571228,1.4162404537200928
287,0.6309388875961304,0.9843924045562744,0.0778384655714035,1.4157748222351074
288,0.643947958946228,0.9843924045562744,0.07558376342058182,1.3845901489257812
289,0.587104082107544,0.9845317602157593,0.07632535696029663,1.2694789171218872
290,0.5200791954994202,0.9829989075660706,0.07965490221977234,1.6796557903289795
291,0.6207579374313354,0.9722687005996704,0.11785905808210373,1.3401086330413818
292,0.668552041053772,0.9802117943763733,0.0934532955288887,1.2765659093856812
293,0.5808823704719543,0.9795150756835938,0.09308519959449768,1.4622211456298828
294,0.5828620195388794,0.9823021292686462,0.08107785135507584,1.5274887084960938
295,0.6351810097694397,0.9834169745445251,0.07981690019369125,1.3621323108673096
296,0.6207579374313354,0.9820234179496765,0.08238572627305984,1.5356404781341553
297,0.6264140009880066,0.9835562705993652,0.07861237227916718,1.3946950435638428
298,0.639140248298645,0.9835562705993652,0.07748985290527344,1.309030532836914
299,0.6691176295280457,0.9843924045562744,0.07550301402807236,1.4345520734786987
300,0.6433823704719543,0.9849498271942139,0.07513301819562912,1.2811944484710693
301,0.6546945571899414,0.9849498271942139,0.07425428926944733,1.257517695426941
302,0.6052036285400391,0.9850891828536987,0.07341140508651733,1.264354944229126
303,0.6575226187705994,0.9850891828536987,0.07389549165964127,1.2711743116378784
304,0.6484728455543518,0.9850891828536987,0.07329890131950378,1.2615785598754883
305,0.6592194437980652,0.9850891828536987,0.0730954185128212,1.282262921333313
306,0.6566742062568665,0.9800724387168884,0.08758334070444107,1.3735781908035278
307,0.6481900215148926,0.9803511500358582,0.08522351086139679,1.3812843561172485
308,0.6473416090011597,0.9843924045562744,0.07598794251680374,1.335677981376648
309,0.6408371329307556,0.9849498271942139,0.07339391112327576,1.2157284021377563
310,0.627828061580658,0.9849498271942139,0.07429859787225723,1.2071410417556763
311,0.6575226187705994,0.9850891828536987,0.0730174332857132,1.3747819662094116
312,0.6481900215148926,0.9850891828536987,0.07256197184324265,1.2796114683151245
313,0.660916268825531,0.9849498271942139,0.07245391607284546,1.336727261543274
314,0.6453620195388794,0.9850891828536987,0.07212569564580917,1.2725025415420532
315,0.6481900215148926,0.9852285385131836,0.07214707881212234,1.267181158065796
316,0.6563913822174072,0.9846711158752441,0.07350429147481918,1.3622008562088013
317,0.6776018142700195,0.9846711158752441,0.07492206990718842,1.5663686990737915
318,0.5808823704719543,0.973940908908844,0.11928402632474899,1.7106293439865112
319,0.5715497732162476,0.9846711158752441,0.08355133980512619,1.8485825061798096
320,0.6037895679473877,0.9843924045562744,0.07654373347759247,1.440132975578308
321,0.6162330508232117,0.9852285385131836,0.07337167114019394,1.3561766147613525
322,0.6077488660812378,0.9850891828536987,0.07182556390762329,1.3407528400421143
323,0.6546945571899414,0.9852285385131836,0.07167696952819824,1.2940253019332886
324,0.6052036285400391,0.9852285385131836,0.07132323831319809,1.2951083183288574
325,0.6204751133918762,0.9852285385131836,0.0714244693517685,1.3025087118148804
326,0.6266968250274658,0.9852285385131836,0.07163514941930771,1.328140377998352
327,0.6207579374313354,0.9852285385131836,0.07108218222856522,1.2863489389419556
328,0.6578054428100586,0.9852285385131836,0.07104954123497009,1.3478235006332397
329,0.6018099784851074,0.9834169745445251,0.08160857856273651,1.392492651939392
330,0.620192289352417,0.9789576530456543,0.09537216275930405,1.5173043012619019
331,0.6320701241493225,0.9785395860671997,0.10023632645606995,1.399204134941101
332,0.6340497732162476,0.984810471534729,0.07405396550893784,1.3876060247421265
333,0.6456447839736938,0.9850891828536987,0.0726098045706749,1.2908302545547485
334,0.6184954643249512,0.9852285385131836,0.07107917964458466,1.2574034929275513
335,0.6235859990119934,0.9852285385131836,0.07093250006437302,1.2946362495422363
336,0.6306561231613159,0.9850891828536987,0.0710659846663475,1.3021034002304077
337,0.6105769276618958,0.9852285385131836,0.07078352570533752,1.3024876117706299
338,0.6009615659713745,0.9850891828536987,0.07084006816148758,1.353450059890747
339,0.6416855454444885,0.9852285385131836,0.07096458971500397,1.310106873512268
340,0.6153846383094788,0.9850891828536987,0.07040665298700333,1.281938910484314
341,0.623020350933075,0.9852285385131836,0.07018518447875977,1.303399682044983
342,0.5995475053787231,0.9852285385131836,0.07056104391813278,1.3642481565475464
343,0.6167986392974854,0.9850891828536987,0.0707123652100563,1.2932274341583252
344,0.5854072570800781,0.9852285385131836,0.0702180564403534,1.309146523475647
345,0.6148189902305603,0.9852285385131836,0.07022320479154587,1.3354793787002563
346,0.6131221652030945,0.9852285385131836,0.06973189860582352,1.3117132186889648
347,0.6428167223930359,0.9850891828536987,0.07085837423801422,1.327687382698059
348,0.5749434232711792,0.983834981918335,0.07616762071847916,1.6352595090866089
349,0.6595022678375244,0.9758918881416321,0.1099776178598404,1.3453537225723267
350,0.6464931964874268,0.9849498271942139,0.07502961903810501,1.2763254642486572
351,0.6535633206367493,0.9852285385131836,0.07035541534423828,1.2480252981185913
352,0.649604082107544,0.9852285385131836,0.06993276625871658,1.2279750108718872
353,0.6518664956092834,0.9852285385131836,0.06966657191514969,1.2408368587493896
354,0.6535633206367493,0.9852285385131836,0.06979341059923172,1.2616324424743652
355,0.6329185366630554,0.9852285385131836,0.06938432902097702,1.2170101404190063
356,0.6069004535675049,0.9852285385131836,0.06963390856981277,1.2034000158309937
357,0.6456447839736938,0.9852285385131836,0.06920578330755234,1.2110496759414673
358,0.6484728455543518,0.9852285385131836,0.06944309175014496,1.244519591331482
359,0.6541289687156677,0.9852285385131836,0.06943023204803467,1.2957043647766113
360,0.6572397947311401,0.9852285385131836,0.06983603537082672,1.3217430114746094
361,0.6244344115257263,0.9849498271942139,0.06984410434961319,1.3473575115203857
362,0.6493212580680847,0.9852285385131836,0.07041645795106888,1.2156972885131836
363,0.6408371329307556,0.9852285385131836,0.06925704330205917,1.2614798545837402
364,0.6442307829856873,0.9850891828536987,0.06901764124631882,1.2860665321350098
365,0.6586538553237915,0.9852285385131836,0.06894096732139587,1.3367794752120972
366,0.6606335043907166,0.9850891828536987,0.06921831518411636,1.4667277336120605
367,0.6665723919868469,0.9616777896881104,0.16442617774009705,1.2405540943145752
368,0.6569570302963257,0.9852285385131836,0.07738596200942993,1.2325176000595093
369,0.6546945571899414,0.9852285385131836,0.07194095104932785,1.2289761304855347
370,0.6583710312843323,0.9852285385131836,0.07041303813457489,1.2539300918579102
371,0.6535633206367493,0.9852285385131836,0.06955014914274216,1.215861201286316
372,0.6592194437980652,0.9852285385131836,0.06925025582313538,1.2377187013626099
373,0.6524321436882019,0.9852285385131836,0.0687723159790039,1.2323410511016846
374,0.6541289687156677,0.9852285385131836,0.06864731013774872,1.2152568101882935
375,0.6561086177825928,0.9852285385131836,0.0685066506266594,1.2870805263519287
376,0.6476244330406189,0.9852285385131836,0.06848481297492981,1.2056115865707397
377,0.648755669593811,0.9849498271942139,0.06888424605131149,1.217383623123169
378,0.6518664956092834,0.9852285385131836,0.06824678182601929,1.2652006149291992
379,0.6374434232711792,0.9852285385131836,0.06828591227531433,1.2130491733551025
380,0.6535633206367493,0.9852285385131836,0.06835193932056427,1.2656465768814087
381,0.6532805562019348,0.9852285385131836,0.06815709173679352,1.2250279188156128
382,0.6527149081230164,0.9852285385131836,0.06794964522123337,1.2461249828338623
383,0.6518664956092834,0.9852285385131836,0.06795933097600937,1.2121622562408447
384,0.6561086177825928,0.9850891828536987,0.06855126470327377,1.51017427444458
385,0.6377262473106384,0.9852285385131836,0.06982985138893127,1.2058870792388916
386,0.6566742062568665,0.9852285385131836,0.0682220309972763,1.3030221462249756
387,0.6433823704719543,0.9852285385131836,0.06776642054319382,1.2297430038452148
388,0.6518664956092834,0.9852285385131836,0.06773468106985092,1.2861493825912476
389,0.658088207244873,0.9852285385131836,0.06809212267398834,1.3203375339508057
390,0.5285633206367493,0.9828595519065857,0.0737842321395874,1.5911554098129272
391,0.6320701241493225,0.9671126008033752,0.14940151572227478,1.2777704000473022
392,0.6586538553237915,0.9849498271942139,0.07385300099849701,1.3362281322479248
393,0.6442307829856873,0.9852285385131836,0.06922916322946548,1.251250982284546
394,0.6575226187705994,0.9852285385131836,0.06809382885694504,1.2587025165557861
395,0.6552602052688599,0.9852285385131836,0.06788168102502823,1.2279936075210571
396,0.6541289687156677,0.9852285385131836,0.0676015093922615,1.2420393228530884
397,0.6464931964874268,0.9852285385131836,0.06738581508398056,1.2400288581848145
398,0.6247171759605408,0.9852285385131836,0.06756515800952911,1.2302156686782837
399,0.6538461446762085,0.9852285385131836,0.06772629916667938,1.2632277011871338
400,0.6289592981338501,0.6256967782974243,2.530601978302002,1.0149965286254883
401,0.5588235259056091,0.7831661105155945,0.6556269526481628,1.2315278053283691
402,0.623020350933075,0.8621794581413269,0.5108534097671509,1.1294784545898438
403,0.6049208045005798,0.8825250864028931,0.4606277346611023,1.18509840965271
404,0.5904977321624756,0.9014771580696106,0.4121817946434021,1.2126142978668213
405,0.622171938419342,0.903288722038269,0.3905639350414276,1.1605253219604492
406,0.6029411554336548,0.8931159377098083,0.3828986883163452,1.226608157157898
407,0.5888009071350098,0.8939520716667175,0.37201279401779175,1.3614027500152588
408,0.5986990928649902,0.8982720375061035,0.35948583483695984,1.306164264678955
409,0.5936086177825928,0.8992474675178528,0.3474465012550354,1.3246906995773315
410,0.5789027214050293,0.9035674333572388,0.33698344230651855,1.4554368257522583
411,0.5729637742042542,0.903288722038269,0.33163613080978394,1.5410410165786743
412,0.587104082107544,0.9041248559951782,0.3240126669406891,1.5744270086288452
413,0.5545814633369446,0.9009197354316711,0.32528379559516907,1.6706234216690063
414,0.589083731174469,0.903288722038269,0.31838205456733704,1.52545166015625
415,0.5972850918769836,0.9063544869422913,0.31160369515419006,1.5431411266326904
416,0.5958710312843323,0.9081661105155945,0.3079858422279358,1.6179226636886597
417,0.5930429697036743,0.9060758352279663,0.3076251447200775,1.5131181478500366
418,0.5904977321624756,0.9080267548561096,0.3032403886318207,1.808086633682251
419,0.5831447839736938,0.9046822786331177,0.30749109387397766,1.4569751024246216
420,0.5729637742042542,0.9063544869422913,0.301954060792923,1.4945545196533203
421,0.6001130938529968,0.9102563858032227,0.2955178916454315,1.6404953002929688
422,0.5913461446762085,0.8992474675178528,0.31720781326293945,1.5556303262710571
423,0.5941742062568665,0.9099776744842529,0.29447951912879944,1.7099579572677612
424,0.5738122463226318,0.9124860763549805,0.2893657982349396,1.8657678365707397
425,0.598416268825531,0.9129041433334351,0.28740546107292175,1.775654911994934
426,0.5989819169044495,0.9130434989929199,0.2869024872779846,1.912705659866333
427,0.595588207244873,0.9092809557914734,0.2926550805568695,1.741783618927002
428,0.5913461446762085,0.9122073650360107,0.2860614061355591,1.7802519798278809
429,0.595588207244873,0.9113712310791016,0.28711336851119995,1.8540115356445312
430,0.5986990928649902,0.9098383784294128,0.28868523240089417,1.7946981191635132
431,0.5986990928649902,0.9116499423980713,0.2866535782814026,1.7100480794906616
432,0.5921945571899414,0.9124860763549805,0.28163281083106995,1.804137945175171
433,0.5981335043907166,0.9077480435371399,0.2927512228488922,1.5956722497940063
434,0.5944570302963257,0.9129041433334351,0.28142407536506653,1.664010763168335
435,0.5938913822174072,0.9122073650360107,0.2828136384487152,1.937467098236084
436,0.598416268825531,0.9134615659713745,0.28003498911857605,1.8191754817962646
437,0.6035068035125732,0.9124860763549805,0.2810544967651367,1.7200818061828613
438,0.5989819169044495,0.9124860763549805,0.2792768180370331,1.8602291345596313
439,0.5893664956092834,0.9115105867385864,0.2795167565345764,2.031569004058838
440,0.584276020526886,0.9106744527816772,0.28272876143455505,1.697607398033142
441,0.5893664956092834,0.911928653717041,0.27985164523124695,2.0535056591033936
442,0.5486425161361694,0.9120680093765259,0.3873024582862854,2.2794480323791504
443,0.6165158152580261,0.9214046597480774,0.3246007263660431,1.509658694267273
444,0.606052041053772,0.9116499423980713,0.27797454595565796,1.530047059059143
445,0.6119909286499023,0.9103957414627075,0.28200820088386536,1.5163871049880981
446,0.6218891143798828,0.9134615659713745,0.27428674697875977,1.7345582246780396
447,0.6360294222831726,0.9194537401199341,0.2675621211528778,1.5258677005767822
448,0.6077488660812378,0.9197324514389038,0.2644461691379547,1.498748540878296
449,0.6272624731063843,0.9229375720024109,0.25735247135162354,1.517042875289917
450,0.6662895679473877,0.9214046597480774,0.2601684331893921,1.8856734037399292
451,0.6447963714599609,0.922798216342926,0.2598877251148224,1.5647324323654175
452,0.6430995464324951,0.9353400468826294,0.2378508448600769,1.8092608451843262
453,0.6414027214050293,0.9346432685852051,0.23753438889980316,1.572441577911377
454,0.6292420625686646,0.9371516108512878,0.23265470564365387,1.3928509950637817
455,0.6340497732162476,0.9392419457435608,0.22940170764923096,1.4923384189605713
456,0.6555429697036743,0.9297658801078796,0.24607019126415253,1.7245181798934937
457,0.6295248866081238,0.9371516108512878,0.23072203993797302,1.5426034927368164
458,0.6343325972557068,0.9381271004676819,0.22886182367801666,1.7305461168289185
459,0.6529977321624756,0.9389632344245911,0.2284887433052063,1.722173810005188
460,0.6380090713500977,0.9395205974578857,0.22450068593025208,1.6558146476745605
461,0.6575226187705994,0.9375696778297424,0.2288307249546051,1.644993543624878
462,0.6354637742042542,0.9333890676498413,0.23666809499263763,1.598617672920227
463,0.6315045356750488,0.9381271004676819,0.2274843454360962,1.395838975906372
464,0.6411198973655701,0.9395205974578857,0.224532812833786,1.684068202972412
465,0.6479072570800781,0.9391025900840759,0.22412046790122986,1.7325540781021118
466,0.632635772228241,0.9402173757553101,0.2225649207830429,1.5643528699874878
467,0.6360294222831726,0.9395205974578857,0.22518384456634521,1.5759389400482178
468,0.6414027214050293,0.9397993087768555,0.22239181399345398,1.5719491243362427
469,0.6569570302963257,0.9388238787651062,0.22548922896385193,1.8417028188705444
470,0.6337669491767883,0.9399386644363403,0.22203144431114197,1.611959457397461
471,0.6365950107574463,0.9410535097122192,0.21981920301914215,1.5299201011657715
472,0.6668552160263062,0.9395205974578857,0.22203516960144043,2.074125051498413
473,0.639140248298645,0.9347826242446899,0.232278510928154,1.6261590719223022
474,0.6433823704719543,0.9404960870742798,0.22040462493896484,1.6267606019973755
475,0.6382918357849121,0.9391025900840759,0.22314763069152832,1.5666803121566772
476,0.6385746598243713,0.9404960870742798,0.21848119795322418,1.5437965393066406
477,0.6385746598243713,0.9404960870742798,0.22127287089824677,1.5809719562530518
478,0.641968309879303,0.9411928653717041,0.21870726346969604,1.470333456993103
479,0.6371606588363647,0.9397993087768555,0.2209865152835846,1.7293245792388916
480,0.6529977321624756,0.9404960870742798,0.21843165159225464,1.7389233112335205
481,0.6611990928649902,0.9385451674461365,0.22181402146816254,1.724369764328003
482,0.6450791954994202,0.941332221031189,0.2171052247285843,1.6044162511825562
483,0.6507353186607361,0.9406354427337646,0.21708115935325623,1.6855326890945435
484,0.6456447839736938,0.9414715766906738,0.21549275517463684,1.5795321464538574
485,0.6527149081230164,0.9409141540527344,0.21636348962783813,1.680402398109436
486,0.6399886608123779,0.9411928653717041,0.21575863659381866,1.5418274402618408
487,0.6459276080131531,0.9411928653717041,0.2162266969680786,1.4835295677185059
488,0.6524321436882019,0.9411928653717041,0.21530774235725403,1.6932592391967773
489,0.6719456911087036,0.9399386644363403,0.21757815778255463,2.0327963829040527
490,0.6433823704719543,0.9268394708633423,0.24492989480495453,1.623009443283081
491,0.651583731174469,0.9409141540527344,0.21478824317455292,1.6241260766983032
492,0.6473416090011597,0.9407747983932495,0.21424219012260437,1.583505630493164
493,0.6459276080131531,0.9411928653717041,0.21347029507160187,1.5218162536621094
494,0.6549773812294006,0.9381271004676819,0.22100023925304413,1.6397746801376343
495,0.6691176295280457,0.9411928653717041,0.21349915862083435,1.7339667081832886
496,0.6456447839736938,0.9411928653717041,0.21298350393772125,1.545150876045227
497,0.6665723919868469,0.9414715766906738,0.2125871330499649,1.7151358127593994
498,0.6541289687156677,0.9414715766906738,0.21306230127811432,1.6478126049041748
499,0.6456447839736938,0.9403567314147949,0.21537882089614868,1.570582628250122
500,0.6654411554336548,0.9406354427337646,0.21428076922893524,1.67214035987854
501,0.6662895679473877,0.9406354427337646,0.2133888602256775,1.9114339351654053
502,0.6374434232711792,0.9400780200958252,0.21410010755062103,1.4865763187408447
503,0.6532805562019348,0.9347826242446899,0.22594986855983734,1.6643731594085693
504,0.651583731174469,0.9414715766906738,0.21172818541526794,1.536165714263916
505,0.662895917892456,0.941332221031189,0.21215839684009552,1.6180589199066162
506,0.6626130938529968,0.9414715766906738,0.21076750755310059,1.5486363172531128
507,0.6643099784851074,0.9414715766906738,0.2114557921886444,1.566460371017456
508,0.6462104320526123,0.9414715766906738,0.21099130809307098,1.5140676498413086
509,0.6524321436882019,0.941332221031189,0.21052700281143188,1.5191069841384888
510,0.6614819169044495,0.9414715766906738,0.2106039673089981,1.5243477821350098
511,0.6662895679473877,0.9411928653717041,0.21066537499427795,1.5457932949066162
512,0.654411792755127,0.9411928653717041,0.21024005115032196,1.580094337463379
513,0.6688348650932312,0.9410535097122192,0.21070457994937897,1.6524289846420288
514,0.6481900215148926,0.9411928653717041,0.211930051445961,1.4477851390838623
515,0.6552602052688599,0.9411928653717041,0.2118520587682724,1.6150779724121094
516,0.6668552160263062,0.941332221031189,0.2104484587907791,1.6569970846176147
517,0.6716628670692444,0.9410535097122192,0.21173809468746185,1.784433126449585
518,0.6337669491767883,0.9406354427337646,0.21193498373031616,1.3960016965866089
519,0.6708144545555115,0.9407747983932495,0.21109485626220703,1.5239684581756592
520,0.6453620195388794,0.937987744808197,0.21744389832019806,1.6522728204727173
521,0.6578054428100586,0.9395205974578857,0.2117203325033188,1.6262718439102173
522,0.643947958946228,0.9547101259231567,0.1808243691921234,1.6647300720214844
523,0.6538461446762085,0.9558249711990356,0.1775573045015335,1.5289942026138306
524,0.6561086177825928,0.9555462598800659,0.17726661264896393,1.597893476486206
525,0.6374434232711792,0.9555462598800659,0.17756474018096924,1.5831685066223145
526,0.6464931964874268,0.9555462598800659,0.17680354416370392,1.5790448188781738
527,0.6558257937431335,0.955406904220581,0.17692217230796814,1.4868510961532593
528,0.6566742062568665,0.9516443610191345,0.18666113913059235,1.506815791130066
529,0.6428167223930359,0.955406904220581,0.17672553658485413,1.6480027437210083
530,0.648755669593811,0.9556856155395508,0.17510086297988892,1.5931174755096436
531,0.6416855454444885,0.9559643268585205,0.17517754435539246,1.5699882507324219
532,0.6368778347969055,0.9559643268585205,0.17444495856761932,1.7546145915985107
533,0.6357465982437134,0.9556856155395508,0.17524996399879456,1.6948357820510864
534,0.6453620195388794,0.9558249711990356,0.17541629076004028,1.5884361267089844
535,0.6323529481887817,0.9559643268585205,0.17399919033050537,1.728610873222351
536,0.6405543088912964,0.9558249711990356,0.17470914125442505,1.6031414270401
537,0.6332013607025146,0.9559643268585205,0.17396868765354156,1.7195245027542114
538,0.6363122463226318,0.9559643268585205,0.17442789673805237,1.799133539199829
539,0.6450791954994202,0.9558249711990356,0.1744985580444336,1.6003484725952148
540,0.6394230723381042,0.9556856155395508,0.1742769479751587,1.611822247505188
541,0.6405543088912964,0.9556856155395508,0.17416778206825256,1.5077064037322998
542,0.6414027214050293,0.9559643268585205,0.17396333813667297,1.7124346494674683
543,0.5893664956092834,0.9545707702636719,0.17640376091003418,2.8497049808502197
544,0.6337669491767883,0.9077480435371399,0.29036080837249756,1.6970679759979248
545,0.6272624731063843,0.9555462598800659,0.17756740748882294,1.9076194763183594
546,0.6303732991218567,0.9549888372421265,0.17816367745399475,1.6849149465560913
547,0.6320701241493225,0.9561036825180054,0.17476779222488403,1.622780203819275
548,0.629807710647583,0.9555462598800659,0.17374615371227264,1.8322982788085938
549,0.6351810097694397,0.9561036825180054,0.17268770933151245,1.773497462272644
550,0.6348981857299805,0.9563823938369751,0.17278911173343658,1.7722419500350952
551,0.6343325972557068,0.9561036825180054,0.17332252860069275,1.9192774295806885
552,0.6388574838638306,0.95652174949646,0.171649768948555,1.7862231731414795
553,0.6295248866081238,0.95652174949646,0.1714988648891449,1.862971544265747
554,0.6360294222831726,0.95652174949646,0.17170363664627075,1.8343123197555542
555,0.6382918357849121,0.95652174949646,0.17147155106067657,1.8212015628814697
556,0.6337669491767883,0.9563823938369751,0.1711096167564392,1.874242901802063
557,0.6337669491767883,0.95652174949646,0.17062890529632568,1.8983253240585327
558,0.6306561231613159,0.9563823938369751,0.1707134246826172,1.7732974290847778
559,0.6348981857299805,0.95652174949646,0.17038728296756744,1.679348111152649
560,0.6365950107574463,0.95652174949646,0.17132890224456787,1.7537840604782104
561,0.6399886608123779,0.9561036825180054,0.17086799442768097,1.6854101419448853
562,0.6300904750823975,0.9563823938369751,0.17203733325004578,1.701231837272644
563,0.6264140009880066,0.95652174949646,0.17092713713645935,1.924834132194519
564,0.629807710647583,0.95652174949646,0.1706298142671585,1.7697272300720215
565,0.6303732991218567,0.95652174949646,0.16975097358226776,1.7777777910232544
566,0.6182126402854919,0.95652174949646,0.17099405825138092,1.9770140647888184
567,0.6252828240394592,0.95652174949646,0.16991281509399414,1.7340718507766724
568,0.6266968250274658,0.95652174949646,0.17024247348308563,1.9011658430099487
569,0.6332013607025146,0.955406904220581,0.17475999891757965,2.2082600593566895
570,0.6315045356750488,0.9446766972541809,0.1969771832227707,1.9451744556427002
571,0.6292420625686646,0.9563823938369751,0.1715572029352188,1.9001506567001343
572,0.6337669491767883,0.95652174949646,0.17087490856647491,1.945505976676941
573,0.6286764740943909,0.9562430381774902,0.1703692078590393,1.947859287261963
574,0.6315045356750488,0.95652174949646,0.16974838078022003,1.8284093141555786
575,0.6066176295280457,0.9562430381774902,0.1703280508518219,2.1251115798950195
576,0.6292420625686646,0.9566611051559448,0.16963206231594086,1.880406141281128
577,0.6292420625686646,0.95652174949646,0.16999562084674835,1.8256800174713135
578,0.6244344115257263,0.95652174949646,0.1692638248205185,1.8850725889205933
579,0.6216063499450684,0.9563823938369751,0.17008720338344574,1.930252194404602
580,0.6275452375411987,0.9558249711990356,0.17163528501987457,1.7774542570114136
581,0.625,0.95652174949646,0.1688392013311386,1.7458287477493286
582,0.6309388875961304,0.9563823938369751,0.17022854089736938,1.6962637901306152
583,0.6167986392974854,0.95652174949646,0.1695120930671692,1.9586622714996338
584,0.6283936500549316,0.9563823938369751,0.170022651553154,1.8347376585006714
585,0.623020350933075,0.95652174949646,0.16937954723834991,1.888519048690796
586,0.6453620195388794,0.928372323513031,0.23681217432022095,1.6488325595855713
587,0.6340497732162476,0.9524804949760437,0.17975598573684692,1.6655503511428833
588,0.6337669491767883,0.95652174949646,0.16919513046741486,1.6108824014663696
589,0.6363122463226318,0.95652174949646,0.16860611736774445,1.7302881479263306
590,0.6320701241493225,0.9568004608154297,0.16848182678222656,1.6192522048950195
591,0.6292420625686646,0.9562430381774902,0.1693907380104065,1.7113193273544312
592,0.629807710647583,0.9568004608154297,0.16786274313926697,1.6407443284988403
593,0.6337669491767883,0.95652174949646,0.16836346685886383,1.6792131662368774
594,0.6312217116355896,0.9566611051559448,0.16806001961231232,1.6678757667541504
595,0.6306561231613159,0.9566611051559448,0.16788291931152344,1.7516756057739258
596,0.627828061580658,0.9568004608154297,0.16774781048297882,1.8039746284484863
597,0.6238687634468079,0.95652174949646,0.16823896765708923,1.9395593404769897
598,0.632635772228241,0.9562430381774902,0.17077769339084625,1.9118987321853638
599,0.626979649066925,0.9566611051559448,0.16757549345493317,1.7591620683670044
600,0.6193438768386841,0.9563823938369751,0.1682773232460022,1.7379591464996338
601,0.6193438768386841,0.95652174949646,0.16895334422588348,1.6125023365020752
602,0.6241515874862671,0.9568004608154297,0.16755786538124084,1.8627361059188843
603,0.6153846383094788,0.9566611051559448,0.16752488911151886,2.1671392917633057
604,0.6312217116355896,0.9540134072303772,0.17507289350032806,1.7389631271362305
605,0.6292420625686646,0.95652174949646,0.168208047747612,1.8479419946670532
606,0.6286764740943909,0.9561036825180054,0.16930529475212097,1.8548259735107422
607,0.623020350933075,0.9566611051559448,0.16725222766399384,1.8190345764160156
608,0.6272624731063843,0.9562430381774902,0.16791345179080963,1.7780271768569946
609,0.6190611124038696,0.9566611051559448,0.1674426943063736,1.7942603826522827
610,0.6264140009880066,0.9566611051559448,0.16690748929977417,1.7041975259780884
611,0.627828061580658,0.9566611051559448,0.16695557534694672,1.7813390493392944
612,0.6241515874862671,0.9568004608154297,0.16672514379024506,1.6352719068527222
613,0.623020350933075,0.95652174949646,0.1671144962310791,1.8409422636032104
614,0.6204751133918762,0.9563823938369751,0.16784706711769104,1.7281583547592163
615,0.6136877536773682,0.9566611051559448,0.1665758490562439,1.5834742784500122
616,0.6283936500549316,0.95652174949646,0.16701340675354004,1.7069931030273438
617,0.6329185366630554,0.9562430381774902,0.16821108758449554,1.8012343645095825
618,0.6238687634468079,0.95652174949646,0.16692502796649933,1.8010244369506836
619,0.5967194437980652,0.9559643268585205,0.1692262887954712,3.0965912342071533
620,0.6283936500549316,0.9434224963188171,0.19812899827957153,2.3542346954345703
621,0.6233031749725342,0.9562430381774902,0.16834741830825806,1.798919439315796
622,0.6247171759605408,0.9568004608154297,0.16619059443473816,1.7626553773880005
623,0.6255655884742737,0.9568004608154297,0.16584426164627075,1.7313721179962158
624,0.6224547624588013,0.9568004608154297,0.1657821089029312,1.6803631782531738
625,0.6165158152580261,0.9566611051559448,0.1663316935300827,1.6941590309143066
626,0.6193438768386841,0.9568004608154297,0.16608542203903198,1.6567301750183105
627,0.6244344115257263,0.9568004608154297,0.16578853130340576,1.7300469875335693
628,0.6241515874862671,0.9568004608154297,0.1652466058731079,1.7528077363967896
629,0.6207579374313354,0.9568004608154297,0.16524751484394073,1.7530908584594727
630,0.6218891143798828,0.9568004608154297,0.1654844731092453,1.6393417119979858
631,0.6216063499450684,0.9568004608154297,0.16500671207904816,1.7096513509750366
632,0.6182126402854919,0.9568004608154297,0.1652303785085678,1.8444548845291138
633,0.6207579374313354,0.9568004608154297,0.16514065861701965,1.7256752252578735
634,0.622171938419342,0.9568004608154297,0.16514945030212402,1.7658690214157104
635,0.6255655884742737,0.9568004608154297,0.16515953838825226,1.8015104532241821
636,0.6241515874862671,0.9568004608154297,0.1652383804321289,1.7795708179473877
637,0.6295248866081238,0.9568004608154297,0.1651836484670639,1.7470240592956543
638,0.6286764740943909,0.9568004608154297,0.16519787907600403,1.9090951681137085
639,0.6272624731063843,0.9568004608154297,0.16562485694885254,1.702346920967102
640,0.6255655884742737,0.9568004608154297,0.1657973676919937,1.6642003059387207
641,0.6275452375411987,0.9566611051559448,0.1655416637659073,1.6764496564865112
642,0.6184954643249512,0.95652174949646,0.1666712462902069,1.7364639043807983
643,0.6218891143798828,0.946627676486969,0.19013094902038574,1.928503155708313
644,0.6306561231613159,0.9568004608154297,0.16684171557426453,1.6990162134170532
645,0.6295248866081238,0.9568004608154297,0.16500717401504517,1.7758108377456665
646,0.6312217116355896,0.9568004608154297,0.16477282345294952,1.619003176689148
647,0.6312217116355896,0.9568004608154297,0.16462427377700806,1.6228687763214111
648,0.6281108856201172,0.9568004608154297,0.1644873321056366,1.6681017875671387
649,0.6167986392974854,0.9568004608154297,0.16489185392856598,1.8487497568130493
650,0.625,0.9568004608154297,0.16508890688419342,1.8542132377624512
651,0.6238687634468079,0.9568004608154297,0.16480869054794312,1.675803303718567
652,0.6210407018661499,0.9568004608154297,0.16424953937530518,1.738208293914795
653,0.6117081642150879,0.9568004608154297,0.16501107811927795,1.7773997783660889
654,0.623020350933075,0.9568004608154297,0.16515737771987915,1.859574794769287
655,0.608031690120697,0.9568004608154297,0.16523227095603943,1.955676555633545
656,0.6255655884742737,0.9568004608154297,0.16409438848495483,1.6753896474838257
657,0.6187782883644104,0.9568004608154297,0.16418398916721344,1.7312731742858887
658,0.6255655884742737,0.9568004608154297,0.1640106439590454,1.6946487426757812
659,0.625,0.9568004608154297,0.16426360607147217,1.7285895347595215
660,0.6136877536773682,0.9568004608154297,0.1642700880765915,1.6504075527191162
661,0.6170814633369446,0.9566611051559448,0.16477593779563904,1.6196142435073853
662,0.6213235259056091,0.95652174949646,0.16634319722652435,1.6733115911483765
663,0.6227375268936157,0.9549888372421265,0.17091140151023865,1.7514370679855347
664,0.6289592981338501,0.9568004608154297,0.16478443145751953,1.7042722702026367
665,0.6264140009880066,0.9566611051559448,0.16458269953727722,1.722232699394226
666,0.6247171759605408,0.9566611051559448,0.16480958461761475,1.9493714570999146
667,0.6190611124038696,0.9568004608154297,0.16408565640449524,1.7864441871643066
668,0.6204751133918762,0.9568004608154297,0.1641259640455246,1.7181487083435059
669,0.622171938419342,0.9568004608154297,0.16374388337135315,1.6805601119995117
670,0.623020350933075,0.9568004608154297,0.1639857143163681,1.9008010625839233
671,0.6306561231613159,0.9568004608154297,0.16476678848266602,1.606515884399414
672,0.6292420625686646,0.9562430381774902,0.1672402024269104,1.819131851196289
673,0.6272624731063843,0.9568004608154297,0.16449405252933502,1.7469508647918701
674,0.6216063499450684,0.95652174949646,0.16504642367362976,1.9258843660354614
675,0.6114253401756287,0.9549888372421265,0.17055560648441315,1.785542607307434
676,0.6153846383094788,0.955406904220581,0.16749562323093414,1.8254127502441406
677,0.6244344115257263,0.95652174949646,0.16569660604000092,1.7135826349258423
678,0.6241515874862671,0.9568004608154297,0.16352927684783936,1.6590198278427124
679,0.6190611124038696,0.9568004608154297,0.16343845427036285,1.7176958322525024
680,0.6204751133918762,0.9568004608154297,0.16324394941329956,1.6536874771118164
681,0.6266968250274658,0.9568004608154297,0.16326026618480682,1.7204054594039917
682,0.6289592981338501,0.9568004608154297,0.16431963443756104,1.6488564014434814
683,0.6071832776069641,0.9568004608154297,0.16285806894302368,1.820885181427002
684,0.6105769276618958,0.9568004608154297,0.16294234991073608,1.8029043674468994
685,0.6300904750823975,0.9562430381774902,0.16479310393333435,1.7599990367889404
686,0.6275452375411987,0.9563823938369751,0.16552133858203888,1.8254612684249878
687,0.6114253401756287,0.953177273273468,0.1737152338027954,1.5709060430526733
688,0.6436651349067688,0.9537346959114075,0.1726025938987732,1.703633427619934
689,0.625,0.9559643268585205,0.1654675304889679,1.6534539461135864
690,0.6241515874862671,0.9568004608154297,0.1639402210712433,1.7189719676971436
691,0.6227375268936157,0.9568004608154297,0.16373483836650848,1.6979018449783325
692,0.6261312365531921,0.9568004608154297,0.1629025787115097,1.7045496702194214
693,0.6317873597145081,0.9568004608154297,0.16279351711273193,1.6705337762832642
694,0.6303732991218567,0.9568004608154297,0.16283713281154633,1.6553245782852173
695,0.6281108856201172,0.9568004608154297,0.1635027378797531,1.6443196535110474
696,0.6233031749725342,0.9568004608154297,0.16321542859077454,1.6227627992630005
697,0.6323529481887817,0.9568004608154297,0.16286243498325348,1.7921433448791504
698,0.6272624731063843,0.9568004608154297,0.16246972978115082,1.6180198192596436
699,0.6312217116355896,0.9568004608154297,0.1626669317483902,1.7195276021957397
700,0.6264140009880066,0.9568004608154297,0.16251687705516815,1.6246401071548462
701,0.6329185366630554,0.9568004608154297,0.16270531713962555,1.7258785963058472
702,0.6255655884742737,0.9568004608154297,0.16288170218467712,1.6516287326812744
703,0.6300904750823975,0.9568004608154297,0.16277571022510529,1.8459134101867676
704,0.6244344115257263,0.9568004608154297,0.16270722448825836,1.6978793144226074
705,0.6309388875961304,0.9568004608154297,0.16248618066310883,1.646191954612732
706,0.6295248866081238,0.9568004608154297,0.1624268889427185,1.6952089071273804
707,0.6275452375411987,0.9568004608154297,0.16269060969352722,1.663744568824768
708,0.6134049892425537,0.9561036825180054,0.1649467945098877,1.7797894477844238
709,0.6264140009880066,0.9474637508392334,0.18572159111499786,1.7398133277893066
710,0.6233031749725342,0.9566611051559448,0.16417713463306427,1.729722261428833
711,0.625,0.9568004608154297,0.16248971223831177,1.7531325817108154
712,0.6247171759605408,0.9568004608154297,0.16226035356521606,1.722249150276184
713,0.625,0.9568004608154297,0.16231806576251984,1.6884528398513794
714,0.6255655884742737,0.9568004608154297,0.16229918599128723,1.7459940910339355
715,0.6238687634468079,0.9568004608154297,0.16207489371299744,1.7052850723266602
716,0.6235859990119934,0.9568004608154297,0.1623181700706482,1.750482439994812
717,0.6241515874862671,0.9568004608154297,0.16202320158481598,1.7270054817199707
718,0.6235859990119934,0.9568004608154297,0.1620044857263565,1.7466155290603638
719,0.6244344115257263,0.9568004608154297,0.16201134026050568,1.757538080215454
720,0.6295248866081238,0.9568004608154297,0.1619824767112732,1.8454612493515015
721,0.6258484125137329,0.9568004608154297,0.16189606487751007,1.8781991004943848
722,0.629807710647583,0.9568004608154297,0.1619548201560974,1.8295878171920776
723,0.6377262473106384,0.9566611051559448,0.16395880281925201,1.9552326202392578
724,0.6213235259056091,0.9513656497001648,0.17519964277744293,1.8768181800842285
725,0.6289592981338501,0.9568004608154297,0.16251040995121002,1.8254261016845703
726,0.6266968250274658,0.9568004608154297,0.1622707098722458,1.7654032707214355
727,0.6281108856201172,0.9568004608154297,0.16179148852825165,1.7338547706604004
728,0.6244344115257263,0.9568004608154297,0.16171349585056305,1.7338861227035522
729,0.6190611124038696,0.9568004608154297,0.16161388158798218,1.8002296686172485
730,0.629807710647583,0.9568004608154297,0.16184663772583008,1.6418534517288208
731,0.6213235259056091,0.9568004608154297,0.16168749332427979,1.8698570728302002
732,0.6241515874862671,0.9568004608154297,0.1616029590368271,1.7662991285324097
733,0.6199095249176025,0.9568004608154297,0.16169169545173645,1.585016131401062
734,0.623020350933075,0.9568004608154297,0.1617293804883957,1.5987142324447632
735,0.6300904750823975,0.9568004608154297,0.16169534623622894,1.722767949104309
736,0.6289592981338501,0.9568004608154297,0.16164715588092804,1.814337968826294
737,0.6264140009880066,0.9568004608154297,0.16242198646068573,1.7527388334274292
738,0.6252828240394592,0.9568004608154297,0.16245071589946747,1.8101465702056885
739,0.6255655884742737,0.9568004608154297,0.161905437707901,1.6831539869308472
740,0.6193438768386841,0.9568004608154297,0.16177523136138916,1.635080337524414
741,0.623020350933075,0.9568004608154297,0.16161447763442993,1.6852473020553589
742,0.6303732991218567,0.9568004608154297,0.1614711731672287,1.9242721796035767
743,0.6213235259056091,0.9541527032852173,0.16993510723114014,1.9268344640731812
744,0.6241515874862671,0.9562430381774902,0.16396012902259827,1.7227942943572998
745,0.6300904750823975,0.9568004608154297,0.1616954356431961,1.8168224096298218
746,0.6119909286499023,0.9568004608154297,0.16149795055389404,1.6368485689163208
747,0.6303732991218567,0.9568004608154297,0.16181011497974396,1.8000285625457764
748,0.6292420625686646,0.9568004608154297,0.16117458045482635,1.8093314170837402
749,0.6315045356750488,0.9568004608154297,0.1612851917743683,1.6665151119232178
750,0.6227375268936157,0.9568004608154297,0.1613403856754303,1.7212580442428589
751,0.6334841847419739,0.9568004608154297,0.16133511066436768,1.7053298950195312
752,0.6213235259056091,0.9568004608154297,0.16108787059783936,1.5874580144882202
753,0.6275452375411987,0.9568004608154297,0.16128994524478912,1.592846393585205
754,0.6360294222831726,0.9568004608154297,0.16126596927642822,1.6967624425888062
755,0.6343325972557068,0.9568004608154297,0.16099391877651215,1.744302749633789
756,0.6303732991218567,0.9568004608154297,0.161784365773201,1.8132352828979492
757,0.6184954643249512,0.9503901600837708,0.17915336787700653,1.6623393297195435
758,0.6286764740943909,0.9559643268585205,0.16526180505752563,1.8877897262573242
759,0.626979649066925,0.9568004608154297,0.16182830929756165,1.6229664087295532
760,0.6266968250274658,0.9568004608154297,0.16161344945430756,1.668768048286438
761,0.627828061580658,0.9568004608154297,0.16111071407794952,1.6502275466918945
762,0.6320701241493225,0.9568004608154297,0.16124311089515686,1.7072651386260986
763,0.6320701241493225,0.9568004608154297,0.16083943843841553,1.6681519746780396
764,0.6266968250274658,0.9568004608154297,0.1609603315591812,1.5829957723617554
765,0.627828061580658,0.9568004608154297,0.1609758734703064,1.6928437948226929
766,0.6312217116355896,0.9568004608154297,0.16074822843074799,1.6824891567230225
767,0.6238687634468079,0.9568004608154297,0.16106298565864563,1.7654249668121338
768,0.6332013607025146,0.9568004608154297,0.16065698862075806,1.790246605873108
769,0.6306561231613159,0.9568004608154297,0.1609007567167282,1.7157446146011353
770,0.6351810097694397,0.9566611051559448,0.16197440028190613,1.6973211765289307
771,0.6309388875961304,0.9568004608154297,0.16074040532112122,1.716289758682251
772,0.627828061580658,0.9568004608154297,0.16069960594177246,1.7987393140792847
773,0.6371606588363647,0.9568004608154297,0.16058349609375,1.7746877670288086
774,0.6170814633369446,0.9568004608154297,0.16071875393390656,1.5367724895477295
775,0.6281108856201172,0.9568004608154297,0.16114269196987152,1.8400917053222656
776,0.6289592981338501,0.9568004608154297,0.1610720008611679,1.650295376777649
777,0.6286764740943909,0.9568004608154297,0.16058342158794403,1.5703105926513672
778,0.6224547624588013,0.9568004608154297,0.1618167757987976,1.7392995357513428
779,0.6283936500549316,0.9568004608154297,0.1614796370267868,1.747979998588562
780,0.6247171759605408,0.9568004608154297,0.1606426239013672,1.6241838932037354
781,0.6425339579582214,0.9566611051559448,0.1608927845954895,1.8450655937194824
782,0.6360294222831726,0.9568004608154297,0.16114017367362976,1.7826423645019531
783,0.6317873597145081,0.9568004608154297,0.1608504205942154,1.912936806678772
784,0.6360294222831726,0.9566611051559448,0.16140563786029816,2.025739908218384
785,0.6247171759605408,0.9568004608154297,0.16127221286296844,1.5310401916503906
786,0.6476244330406189,0.945652186870575,0.19210729002952576,1.5753564834594727
787,0.6470588445663452,0.95652174949646,0.16244809329509735,1.5593864917755127
788,0.6433823704719543,0.9568004608154297,0.16121605038642883,1.5896649360656738
789,0.6464931964874268,0.9568004608154297,0.1608215868473053,1.508994221687317
790,0.6411198973655701,0.9568004608154297,0.16063785552978516,1.594319224357605
791,0.6428167223930359,0.9568004608154297,0.16056658327579498,1.5479133129119873
792,0.639140248298645,0.9568004608154297,0.160410076379776,1.6662625074386597
793,0.6382918357849121,0.9568004608154297,0.16043059527873993,1.6823610067367554
794,0.6397058963775635,0.9568004608154297,0.16041003167629242,1.5935494899749756
795,0.6414027214050293,0.9568004608154297,0.16036821901798248,1.5784013271331787
796,0.639140248298645,0.9568004608154297,0.16022513806819916,1.6355873346328735
797,0.6402714848518372,0.9568004608154297,0.16028203070163727,1.6679614782333374
798,0.6385746598243713,0.9568004608154297,0.16037803888320923,1.5888372659683228
799,0.6365950107574463,0.9568004608154297,0.16015596687793732,1.6429052352905273
800,0.6505494713783264,0.631645917892456,2.5462944507598877,1.0640898942947388
801,0.6700549721717834,0.7567873597145081,0.656306803226471,1.2448782920837402
802,0.7244505286216736,0.8089649081230164,0.5283582806587219,1.1420376300811768
803,0.672802209854126,0.8426187634468079,0.4641711413860321,1.5549927949905396
804,0.718406617641449,0.8461538553237915,0.4400557577610016,1.1629256010055542
805,0.7035714387893677,0.8605769276618958,0.4171881675720215,1.3059030771255493
806,0.6813187003135681,0.8880090713500977,0.3736293911933899,1.3964604139328003
807,0.6884615421295166,0.8946549892425537,0.3613159656524658,1.3378403186798096
808,0.6453296542167664,0.898614227771759,0.3531922698020935,1.6184238195419312
809,0.6571428775787354,0.9059671759605408,0.33978256583213806,1.4761921167373657
810,0.6535714268684387,0.9020079374313354,0.33665451407432556,1.5724966526031494
811,0.66840660572052,0.9123303294181824,0.3204295039176941,1.517969012260437
812,0.6697801947593689,0.9124717116355896,0.3154766261577606,1.2931478023529053
813,0.6052197813987732,0.9008767008781433,0.3339427709579468,1.8128641843795776
814,0.6186813116073608,0.9196832776069641,0.30567315220832825,1.7432154417037964
815,0.6442307829856873,0.9212386608123779,0.2976786494255066,1.5510886907577515
816,0.6211538314819336,0.9256221652030945,0.2890045642852783,1.4309606552124023
817,0.555494487285614,0.9244909286499023,0.2905574142932892,2.0308196544647217
818,0.6035714149475098,0.9264705777168274,0.28353622555732727,1.8284788131713867
819,0.5862637162208557,0.9260463714599609,0.28408098220825195,1.9072818756103516
820,0.6101648211479187,0.9250565767288208,0.2821865975856781,1.7180113792419434
821,0.6052197813987732,0.9297228455543518,0.2739502191543579,1.6739113330841064
822,0.6120879054069519,0.9304298758506775,0.2723312973976135,1.5966237783432007
823,0.6184065937995911,0.9295814633369446,0.27477118372917175,1.4344720840454102
824,0.6299450397491455,0.9305712580680847,0.2702929675579071,1.438202142715454
825,0.6225274801254272,0.9335407018661499,0.2640783190727234,1.6585984230041504
826,0.620604395866394,0.932833731174469,0.26495087146759033,1.5036051273345947
827,0.6241758465766907,0.9318438768386841,0.2629571855068207,1.4375609159469604
828,0.642307698726654,0.9338235259056091,0.2595856785774231,1.4473413228988647
829,0.6151098608970642,0.9301470518112183,0.26534298062324524,1.7600191831588745
830,0.5851648449897766,0.9309954643249512,0.25722935795783997,2.181105136871338
831,0.6148351430892944,0.9307126402854919,0.2560703158378601,1.8655177354812622
832,0.6129120588302612,0.9288744330406189,0.26195645332336426,1.7353769540786743
833,0.5914835333824158,0.934671938419342,0.24676768481731415,2.246634006500244
834,0.598901093006134,0.9270362257957458,0.25686198472976685,1.9283273220062256
835,0.5829670429229736,0.9315611124038696,0.23891712725162506,2.075648307800293
836,0.5678571462631226,0.9338235259056091,0.2271272838115692,2.096853256225586
837,0.5730769038200378,0.9317024946212769,0.2291433960199356,2.2136335372924805
838,0.5763736367225647,0.9331164956092834,0.21999405324459076,1.9892374277114868
839,0.5527472496032715,0.9329751133918762,0.2119339108467102,2.2215797901153564
840,0.5519230961799622,0.9324095249176025,0.21231092512607574,2.62031626701355
841,0.5686812996864319,0.9324095249176025,0.20692178606987,2.259976387023926
842,0.55989009141922,0.9359445571899414,0.20036014914512634,2.125170946121216
843,0.5178571343421936,0.9311369061470032,0.20780734717845917,3.664246082305908
844,0.5370879173278809,0.9312782883644104,0.20196445286273956,2.1623494625091553
845,0.5483516454696655,0.9301470518112183,0.2018103003501892,2.4435694217681885
846,0.5582417845726013,0.9363687634468079,0.1863936185836792,2.3830671310424805
847,0.5486263632774353,0.9365102052688599,0.18305879831314087,2.278244972229004
848,0.5247252583503723,0.9338235259056091,0.18311481177806854,2.3997867107391357
849,0.5142857432365417,0.9307126402854919,0.1867610663175583,2.1666181087493896
850,0.5277472734451294,0.9350961446762085,0.18043747544288635,2.349966287612915
851,0.5392857193946838,0.9362273812294006,0.17516478896141052,2.5257153511047363
852,0.5164835453033447,0.9359445571899414,0.1722925305366516,2.1356728076934814
853,0.5118131637573242,0.9358031749725342,0.16951821744441986,2.499393939971924
854,0.5145604610443115,0.9349547624588013,0.17013658583164215,2.674391746520996
855,0.519505500793457,0.9373586177825928,0.1673906296491623,2.5655481815338135
856,0.4980769157409668,0.9372171759605408,0.16501256823539734,3.012702226638794
857,0.5016483664512634,0.9389140009880066,0.1659650355577469,2.739408254623413
858,0.5467032790184021,0.9455599784851074,0.1649986058473587,2.3019611835479736
859,0.5115384459495544,0.9539027214050293,0.16078601777553558,2.899139881134033
860,0.5093406438827515,0.9529128670692444,0.16115015745162964,2.7808001041412354
861,0.5085164904594421,0.9555995464324951,0.1520756483078003,3.486935615539551
862,0.5233516693115234,0.951640248298645,0.16492225229740143,2.2130634784698486
863,0.5046703219413757,0.9536198973655701,0.15461035072803497,2.756314992904663
864,0.5164835453033447,0.9555995464324951,0.16147209703922272,2.564974784851074
865,0.5247252583503723,0.9577205777168274,0.15150079131126404,2.585813283920288
866,0.5241758227348328,0.9616798758506775,0.14348091185092926,2.642132520675659
867,0.5519230961799622,0.9580034017562866,0.15145207941532135,2.260681390762329
868,0.5307692289352417,0.9461255669593811,0.18365928530693054,2.5733766555786133
869,0.5467032790184021,0.9609728455543518,0.14557629823684692,2.327322006225586
870,0.5140109658241272,0.9615384340286255,0.14305101335048676,2.652352809906006
871,0.5170329809188843,0.9616798758506775,0.1424817144870758,2.765472173690796
872,0.5255494713783264,0.962104082107544,0.14115171134471893,2.5710110664367676
873,0.528296709060669,0.963942289352417,0.13888804614543915,2.98531174659729
874,0.5063186883926392,0.9633767008781433,0.1413404941558838,2.8646254539489746
875,0.5357142686843872,0.9635180830955505,0.14044544100761414,2.55958890914917
876,0.5365384817123413,0.9483879804611206,0.174143984913826,2.474029779434204
877,0.5321428775787354,0.9581447839736938,0.1578071415424347,2.7792561054229736
878,0.5376373529434204,0.9633767008781433,0.14032787084579468,2.531485080718994
879,0.523901104927063,0.9650735259056091,0.13387884199619293,2.964292526245117
880,0.547802209854126,0.9636595249176025,0.1364264041185379,2.729234457015991
881,0.52170330286026,0.9647907018661499,0.1345178782939911,3.0030813217163086
882,0.533791184425354,0.9650735259056091,0.1323598474264145,2.7881205081939697
883,0.5296703577041626,0.9653563499450684,0.13276685774326324,3.1112940311431885
884,0.5266483426094055,0.9642251133918762,0.13501764833927155,3.186213493347168
885,0.5219780206680298,0.9623869061470032,0.1348007172346115,2.976940870285034
886,0.5228021740913391,0.963942289352417,0.13256897032260895,3.2334682941436768
887,0.5370879173278809,0.9647907018661499,0.1331634521484375,2.795029401779175
888,0.5431318879127502,0.9633767008781433,0.13660328090190887,2.846494674682617
889,0.5376373529434204,0.9662047624588013,0.13091500103473663,2.8694305419921875
890,0.5307692289352417,0.9660633206367493,0.12737855315208435,2.741950511932373
891,0.5387362837791443,0.9650735259056091,0.12969177961349487,2.6229546070098877
892,0.5313186645507812,0.9660633206367493,0.12768405675888062,3.062614917755127
893,0.5527472496032715,0.9561651349067688,0.15649335086345673,2.7221453189849854
894,0.5431318879127502,0.9664875268936157,0.1267494410276413,2.926713466644287
895,0.5354395508766174,0.9663461446762085,0.1250137835741043,2.727755069732666
896,0.5552197694778442,0.9647907018661499,0.13180984556674957,2.626312255859375
897,0.5362637639045715,0.9664875268936157,0.12738925218582153,3.0742781162261963
898,0.5439560413360596,0.9635180830955505,0.13014885783195496,2.6597800254821777
899,0.5436813235282898,0.966770350933075,0.12394974380731583,2.852008581161499
900,0.5403845906257629,0.966911792755127,0.1218365952372551,2.74330472946167
901,0.5277472734451294,0.9666289687156677,0.1235378235578537,2.999741792678833
902,0.5445054769515991,0.966770350933075,0.12274422496557236,2.7650811672210693
903,0.5362637639045715,0.9676187634468079,0.12092018872499466,2.632105588912964
904,0.53818678855896,0.9652149081230164,0.12772808969020844,2.810420513153076
905,0.5623626112937927,0.9679015874862671,0.11974591016769409,2.4622366428375244
906,0.5659340620040894,0.9563065767288208,0.15168027579784393,2.283627510070801
907,0.5442307591438293,0.9656391143798828,0.1264648139476776,2.7124688625335693
908,0.545604407787323,0.9674773812294006,0.11950737982988358,2.670452833175659
909,0.5467032790184021,0.9660633206367493,0.11742070317268372,2.8493154048919678
910,0.5351648330688477,0.9679015874862671,0.1194925606250763,2.9207763671875
911,0.545604407787323,0.9683257937431335,0.11723095178604126,2.6700024604797363
912,0.5362637639045715,0.9657805562019348,0.12116965651512146,2.7995195388793945
913,0.557692289352417,0.9606900215148926,0.13638333976268768,2.1769630908966064
914,0.5252747535705566,0.9638009071350098,0.1268758922815323,2.9758694171905518
915,0.5549450516700745,0.9683257937431335,0.1160702183842659,2.4899067878723145
916,0.547802209854126,0.9688913822174072,0.11413602530956268,2.80794358253479
917,0.5461538434028625,0.9686086177825928,0.11413393914699554,2.6389403343200684
918,0.5510988831520081,0.9683257937431335,0.11492635309696198,2.3346478939056396
919,0.5582417845726013,0.9683257937431335,0.11450859904289246,2.5106327533721924
920,0.5491757988929749,0.9686086177825928,0.11260135471820831,2.5881927013397217
921,0.5271977782249451,0.9691742062568665,0.11542803049087524,2.765007495880127
922,0.5384615659713745,0.9688913822174072,0.11309304088354111,2.8406240940093994
923,0.5491757988929749,0.9686086177825928,0.11447339504957199,2.4486336708068848
924,0.5368131995201111,0.966770350933075,0.11631598323583603,2.410367488861084
925,0.5332417488098145,0.965921938419342,0.121952585875988,3.048208713531494
926,0.5387362837791443,0.9684671759605408,0.11464237421751022,2.5085437297821045
927,0.54340660572052,0.9683257937431335,0.11361858993768692,2.6742541790008545
928,0.5428571701049805,0.9671945571899414,0.1161177009344101,2.881049633026123
929,0.5508241653442383,0.9684671759605408,0.11156842857599258,2.5995519161224365
930,0.5505494475364685,0.9690328240394592,0.1104125827550888,2.5753743648529053
931,0.5365384817123413,0.9653563499450684,0.12367258965969086,2.95941424369812
932,0.5458791255950928,0.9534785151481628,0.13807694613933563,2.9937760829925537
933,0.5343406796455383,0.962104082107544,0.13239462673664093,2.8112685680389404
934,0.5543956160545349,0.9688913822174072,0.11137895286083221,2.563741683959961
935,0.547802209854126,0.9695984125137329,0.10831790417432785,2.589235782623291
936,0.5508241653442383,0.9697397947311401,0.10801395773887634,2.574964761734009
937,0.5453296899795532,0.9697397947311401,0.10765114426612854,2.6925368309020996
938,0.5472527742385864,0.9695984125137329,0.10700622200965881,2.6329152584075928
939,0.5343406796455383,0.9664875268936157,0.11711255460977554,2.914961099624634
940,0.5458791255950928,0.9697397947311401,0.10771595686674118,2.6934359073638916
941,0.5362637639045715,0.96875,0.10946595668792725,2.709733486175537
942,0.5420329570770264,0.9697397947311401,0.1067868322134018,2.6319289207458496
943,0.5395604372024536,0.9700226187705994,0.10640275478363037,2.81087327003479
944,0.5392857193946838,0.9701640009880066,0.10563375055789948,2.924067974090576
945,0.5395604372024536,0.9649321436882019,0.11928467452526093,2.8207430839538574
946,0.5601648092269897,0.9604072570800781,0.13684208691120148,2.550776243209839
947,0.550000011920929,0.9660633206367493,0.11947853863239288,2.9535326957702637
948,0.5513736009597778,0.9680429697036743,0.11208748072385788,2.718092679977417
949,0.5450549721717834,0.9698812365531921,0.10575468838214874,2.8042006492614746
950,0.550000011920929,0.9824660420417786,0.09423147886991501,3.071711778640747
951,0.5346153974533081,0.998161792755127,0.0752689391374588,2.9402081966400146
952,0.5398351550102234,0.9984445571899414,0.0737585499882698,2.719278335571289
953,0.547802209854126,0.9987273812294006,0.07030968368053436,2.649073600769043
954,0.5233516693115234,0.9988687634468079,0.06816331297159195,2.9108171463012695
955,0.5233516693115234,0.9990102052688599,0.06713900715112686,2.8588809967041016
956,0.5140109658241272,0.9988687634468079,0.06637212634086609,3.209059715270996
957,0.5332417488098145,0.9974547624588013,0.0698971301317215,2.8003182411193848
958,0.528296709060669,0.9984445571899414,0.06683288514614105,2.9342148303985596
959,0.5285714268684387,0.9985859990119934,0.06565823405981064,2.929992437362671
960,0.5225274562835693,0.9990102052688599,0.06331944465637207,3.0111944675445557
961,0.5184065699577332,0.982890248298645,0.10594324767589569,2.862286329269409
962,0.5340659618377686,0.9961821436882019,0.08245057612657547,3.135021209716797
963,0.5431318879127502,0.9990102052688599,0.062445804476737976,2.942092180252075
964,0.5365384817123413,0.9991515874862671,0.06003900617361069,3.0451760292053223
965,0.5714285969734192,0.9994344115257263,0.058664675801992416,2.88632869720459
966,0.5502747297286987,0.9998586177825928,0.05755949765443802,3.0649051666259766
967,0.5467032790184021,0.9998586177825928,0.05759057402610779,3.1565213203430176
968,0.5530219674110413,0.9998586177825928,0.05606621131300926,3.1073455810546875
969,0.5447801947593689,1.0,0.05629461258649826,3.1905903816223145
970,0.5326923131942749,0.9998586177825928,0.05490753799676895,3.229146957397461
971,0.5530219674110413,1.0,0.055147476494312286,2.9369161128997803
972,0.5395604372024536,1.0,0.055352210998535156,3.278567314147949
973,0.5445054769515991,1.0,0.05400907248258591,3.2312734127044678
974,0.5513736009597778,0.9990102052688599,0.05764733999967575,2.9854345321655273
975,0.562087893486023,0.9997171759605408,0.05460640788078308,2.889209032058716
976,0.5563187003135681,0.9992929697036743,0.057421810925006866,3.0941741466522217
977,0.5431318879127502,0.9998586177825928,0.05331477150321007,3.099048376083374
978,0.5362637639045715,0.9998586177825928,0.051668666303157806,3.0898847579956055
979,0.5423076748847961,0.9997171759605408,0.05296286940574646,3.0086441040039062
980,0.6478021740913391,0.9420248866081238,0.23548822104930878,1.4618903398513794
981,0.562912106513977,0.9956164956092834,0.09417013823986053,2.2444441318511963
982,0.5557692050933838,0.9994344115257263,0.06634995341300964,2.3484535217285156
983,0.5431318879127502,0.9998586177825928,0.0594308041036129,2.5287623405456543
984,0.5384615659713745,0.9997171759605408,0.05552909895777702,2.6074774265289307
985,0.557692289352417,0.9998586177825928,0.05399150401353836,2.587279796600342
986,0.5414835214614868,0.9998586177825928,0.052308328449726105,2.7678818702697754
987,0.541208803653717,0.9998586177825928,0.051116909831762314,2.7957394123077393
988,0.5450549721717834,1.0,0.050581350922584534,2.7623345851898193
989,0.5414835214614868,0.9998586177825928,0.0502159483730793,2.797830104827881
990,0.5409340858459473,1.0,0.04967217892408371,2.7800886631011963
991,0.5472527742385864,0.9998586177825928,0.049940675497055054,2.8075802326202393
992,0.5370879173278809,1.0,0.049243032932281494,2.803389549255371
993,0.5365384817123413,1.0,0.04908454790711403,2.912116289138794
994,0.5376373529434204,0.9997171759605408,0.05087529867887497,2.914586305618286
995,0.5321428775787354,0.9997171759605408,0.049162860959768295,2.942484140396118
996,0.5387362837791443,1.0,0.048452503979206085,2.9203152656555176
997,0.5348901152610779,1.0,0.04844873771071434,2.988365411758423
998,0.5241758227348328,1.0,0.04812739044427872,3.119037628173828
999,0.5414835214614868,0.9998586177825928,0.04963371157646179,2.865906000137329
1000,0.5401098728179932,1.0,0.04781927168369293,2.911236524581909
1001,0.5425823926925659,0.9991515874862671,0.051876287907361984,2.7696750164031982
1002,0.5326923131942749,0.9903846383094788,0.08199606835842133,2.8887743949890137
1003,0.5348901152610779,0.9995757937431335,0.05237371474504471,3.029526948928833
1004,0.5365384817123413,1.0,0.04791106656193733,2.960068464279175
1005,0.5324175953865051,1.0,0.04649123176932335,2.9663665294647217
1006,0.5362637639045715,0.9997171759605408,0.047677893191576004,3.0388312339782715
1007,0.5365384817123413,1.0,0.04618678241968155,2.9137537479400635
1008,0.5357142686843872,0.9998586177825928,0.045930154621601105,2.8846793174743652
1009,0.5398351550102234,0.9985859990119934,0.05335696414113045,2.953061580657959
1010,0.5335164666175842,0.9998586177825928,0.046135541051626205,3.2028098106384277
1011,0.5277472734451294,1.0,0.047001440078020096,3.1012685298919678
1012,0.5321428775787354,0.9998586177825928,0.046063583344221115,2.98984694480896
1013,0.5203296542167664,0.9983031749725342,0.05562134459614754,3.612405300140381
1014,0.5543956160545349,0.9833144545555115,0.11052431911230087,3.4815797805786133
1015,0.5403845906257629,0.997171938419342,0.06229798495769501,3.249993085861206
1016,0.5445054769515991,1.0,0.04669717326760292,2.9730896949768066
1017,0.5343406796455383,1.0,0.045584455132484436,3.062213659286499
1018,0.5307692289352417,1.0,0.04490333050489426,3.059593915939331
1019,0.5376373529434204,1.0,0.044579554349184036,2.9350035190582275
1020,0.5486263632774353,1.0,0.04465056210756302,2.8580634593963623
1021,0.5370879173278809,1.0,0.044390078634023666,2.952324390411377
1022,0.5310439467430115,1.0,0.04397715628147125,2.9449849128723145
1023,0.5340659618377686,1.0,0.04403560981154442,2.956007242202759
1024,0.5395604372024536,1.0,0.044186290353536606,2.9366815090179443
1025,0.5354395508766174,1.0,0.044841352850198746,3.0077133178710938
1026,0.5307692289352417,1.0,0.04351906478404999,3.09086275100708
1027,0.5321428775787354,1.0,0.04319348931312561,3.0297324657440186
1028,0.5296703577041626,1.0,0.04361825808882713,3.0863778591156006
1029,0.5362637639045715,1.0,0.043947141617536545,2.9850215911865234
1030,0.5398351550102234,0.9998586177825928,0.04394552484154701,2.9224133491516113
1031,0.5274725556373596,1.0,0.04301577806472778,3.047940969467163
1032,0.5291208624839783,0.9995757937431335,0.046383336186409,3.163336992263794
1033,0.5304945111274719,0.9988687634468079,0.04797811806201935,3.2735283374786377
1034,0.545604407787323,0.9785068035125732,0.11728040128946304,3.0515215396881104
1035,0.5326923131942749,0.9998586177825928,0.048203375190496445,3.066296100616455
1036,0.5354395508766174,1.0,0.0446816124022007,2.9972853660583496
1037,0.54340660572052,1.0,0.0430501364171505,2.893796682357788
1038,0.5307692289352417,1.0,0.04241758957505226,2.9803714752197266
1039,0.5365384817123413,1.0,0.04230261594057083,2.959609031677246
1040,0.5354395508766174,1.0,0.04187477380037308,2.99045991897583
1041,0.5420329570770264,1.0,0.04192068427801132,2.8749945163726807
1042,0.5321428775787354,1.0,0.04173803701996803,2.9911019802093506
1043,0.5313186645507812,1.0,0.04153718426823616,2.977473020553589
1044,0.5299450755119324,1.0,0.04135340824723244,3.008643627166748
1045,0.5302197933197021,0.9998586177825928,0.04205399006605148,3.055576801300049
1046,0.5368131995201111,1.0,0.04214821755886078,2.930854082107544
1047,0.5370879173278809,1.0,0.04131924360990524,2.9100615978240967
1048,0.5428571701049805,1.0,0.041097868233919144,2.8337628841400146
1049,0.5266483426094055,1.0,0.041102513670921326,3.0639841556549072
1050,0.535988986492157,1.0,0.04079941287636757,2.9066245555877686
1051,0.5348901152610779,1.0,0.040685415267944336,2.942460536956787
1052,0.5508241653442383,0.9961821436882019,0.054070230573415756,2.8158044815063477
1053,0.5469779968261719,0.9963235259056091,0.06337685883045197,3.0659759044647217
1054,0.5304945111274719,1.0,0.04382021352648735,3.0891377925872803
1055,0.535988986492157,1.0,0.040888722985982895,2.8991096019744873
1056,0.5398351550102234,1.0,0.04068485647439957,2.8995184898376465
1057,0.5285714268684387,1.0,0.04033037647604942,3.097362518310547
1058,0.541208803653717,1.0,0.04018222168087959,2.8409934043884277
1059,0.5376373529434204,1.0,0.040679607540369034,2.9545187950134277
1060,0.5280219912528992,1.0,0.0398683175444603,2.9762542247772217
1061,0.5302197933197021,1.0,0.03973182290792465,3.035282850265503
1062,0.5249999761581421,0.9998586177825928,0.039999645203351974,3.148125171661377
1063,0.5362637639045715,1.0,0.04068920388817787,2.912961959838867
1064,0.533791184425354,1.0,0.039289116859436035,2.878099203109741
1065,0.5271977782249451,0.9998586177825928,0.040007539093494415,3.0082650184631348
1066,0.6151098608970642,0.908088207244873,0.33295658230781555,1.5311511754989624
1067,0.5607143044471741,0.9950509071350098,0.08650851994752884,2.2490158081054688
1068,0.5497252941131592,0.9997171759605408,0.05141112953424454,2.4817614555358887
1069,0.553296685218811,1.0,0.04475967213511467,2.602102518081665
1070,0.5453296899795532,1.0,0.042841266840696335,2.683579444885254
1071,0.5491757988929749,1.0,0.04137234389781952,2.7019217014312744
1072,0.5392857193946838,1.0,0.040385182946920395,2.763531446456909
1073,0.5549450516700745,1.0,0.04022187367081642,2.701288938522339
1074,0.5447801947593689,1.0,0.03983249515295029,2.7987682819366455
1075,0.5390110015869141,1.0,0.039574138820171356,2.837043046951294
1076,0.5406593680381775,1.0,0.03935714811086655,2.8315467834472656
1077,0.5387362837791443,1.0,0.039264969527721405,2.864686965942383
1078,0.5439560413360596,1.0,0.03887759521603584,2.8010783195495605
1079,0.5387362837791443,1.0,0.038718242198228836,2.898627758026123
1080,0.5368131995201111,1.0,0.03863273933529854,2.9007952213287354
1081,0.5354395508766174,1.0,0.03843839094042778,2.9363956451416016
1082,0.5370879173278809,1.0,0.038377437740564346,2.9060373306274414
1083,0.5288461446762085,1.0,0.03855817764997482,2.945301055908203
1084,0.5324175953865051,1.0,0.038481250405311584,2.9382436275482178
1085,0.5318681597709656,1.0,0.038403239101171494,2.953716993331909
1086,0.5362637639045715,1.0,0.038160137832164764,2.9234602451324463
1087,0.5340659618377686,1.0,0.03833647444844246,2.9913182258605957
1088,0.5401098728179932,1.0,0.038391418755054474,2.8949573040008545
1089,0.5373626351356506,1.0,0.03855743259191513,2.891866445541382
1090,0.5357142686843872,1.0,0.03794175758957863,2.986356496810913
1091,0.5291208624839783,1.0,0.03825049847364426,2.9803922176361084
1092,0.5392857193946838,1.0,0.039760246872901917,2.9084060192108154
1093,0.5370879173278809,1.0,0.037921492010354996,2.872225046157837
1094,0.5401098728179932,1.0,0.037435442209243774,2.8864758014678955
1095,0.5428571701049805,1.0,0.03746458888053894,2.8129451274871826
1096,0.535988986492157,1.0,0.03747675567865372,2.8887155055999756
1097,0.533791184425354,0.9973133206367493,0.05551560968160629,3.1898770332336426
1098,0.5442307591438293,0.9929298758506775,0.08000940084457397,2.701883316040039
1099,0.5211538672447205,0.9916572570800781,0.07859086990356445,3.2807729244232178
1100,0.5313186645507812,0.9995757937431335,0.04391879215836525,3.087895154953003
1101,0.5332417488098145,0.9998586177825928,0.03901667892932892,2.9365434646606445
1102,0.5321428775787354,1.0,0.037850670516490936,2.9160351753234863
1103,0.5335164666175842,1.0,0.03746127709746361,2.8960177898406982
1104,0.535988986492157,1.0,0.03714496269822121,2.8640902042388916
1105,0.5313186645507812,1.0,0.03706781566143036,2.923996925354004
1106,0.5362637639045715,1.0,0.037452444434165955,2.898195743560791
1107,0.5406593680381775,1.0,0.036597367376089096,2.779242992401123
1108,0.5368131995201111,1.0,0.03659280017018318,2.840733766555786
1109,0.5365384817123413,0.9998586177825928,0.037396788597106934,3.079350233078003
1110,0.5332417488098145,1.0,0.03807112202048302,2.949185371398926
1111,0.53818678855896,1.0,0.036226533353328705,2.872117757797241
1112,0.5329670310020447,1.0,0.036215607076883316,2.872304677963257
1113,0.5370879173278809,1.0,0.035920560359954834,2.889207601547241
1114,0.5291208624839783,1.0,0.03707709535956383,2.9685287475585938
1115,0.5510988831520081,1.0,0.03595332056283951,2.6739916801452637
1116,0.54340660572052,1.0,0.03684720769524574,2.7690327167510986
1117,0.5321428775787354,1.0,0.035854537039995193,2.9360718727111816
1118,0.5324175953865051,1.0,0.036539431661367416,2.8205807209014893
1119,0.5313186645507812,1.0,0.03601923584938049,2.847506046295166
1120,0.5376373529434204,1.0,0.036678120493888855,2.7975852489471436
1121,0.5587912201881409,0.9855769276618958,0.0911889523267746,2.256669759750366
1122,0.5230769515037537,0.9906674027442932,0.08156777173280716,2.852123737335205
1123,0.5299450755119324,0.9998586177825928,0.040164463222026825,2.8814539909362793
1124,0.5351648330688477,1.0,0.03740563988685608,2.8440754413604736
1125,0.5335164666175842,1.0,0.03638812527060509,2.893838882446289
1126,0.5348901152610779,1.0,0.03615002706646919,2.90923810005188
1127,0.535988986492157,1.0,0.03573765978217125,2.887817621231079
1128,0.5384615659713745,1.0,0.03554113954305649,2.8463704586029053
1129,0.5335164666175842,1.0,0.035283368080854416,2.9442903995513916
1130,0.5351648330688477,1.0,0.0350414402782917,2.909034252166748
1131,0.5348901152610779,1.0,0.03494420275092125,2.9185080528259277
1132,0.5335164666175842,1.0,0.03480560705065727,2.9275128841400146
1133,0.5324175953865051,1.0,0.03532671555876732,2.9814507961273193
1134,0.5398351550102234,1.0,0.034619156271219254,2.8453938961029053
1135,0.5373626351356506,1.0,0.034675758332014084,2.8841395378112793
1136,0.5335164666175842,1.0,0.03469664230942726,2.933035373687744
1137,0.5406593680381775,1.0,0.03464866057038307,2.8555283546447754
1138,0.5318681597709656,1.0,0.03451884165406227,2.9293477535247803
1139,0.5291208624839783,1.0,0.03459470346570015,2.935037136077881
1140,0.5420329570770264,1.0,0.034781742841005325,2.785151243209839
1141,0.5406593680381775,1.0,0.034701332449913025,2.8325319290161133
1142,0.528296709060669,1.0,0.03505075350403786,3.0754072666168213
1143,0.5313186645507812,1.0,0.03495937958359718,3.0057549476623535
1144,0.5285714268684387,1.0,0.036100778728723526,3.0067853927612305
1145,0.535988986492157,1.0,0.03478474169969559,2.8655221462249756
1146,0.5722527503967285,0.9736990928649902,0.11169280111789703,2.1343135833740234
1147,0.5395604372024536,0.9896776080131531,0.09214073419570923,2.811509132385254
1148,0.5313186645507812,0.9990102052688599,0.045163843780756,2.8972299098968506
1149,0.5357142686843872,1.0,0.03847233206033707,2.8897974491119385
1150,0.5324175953865051,1.0,0.0361657552421093,2.877843141555786
1151,0.5348901152610779,1.0,0.03526704013347626,2.8311591148376465
1152,0.5324175953865051,1.0,0.034873608499765396,2.8969733715057373
1153,0.5313186645507812,1.0,0.03439007326960564,2.871572732925415
1154,0.5365384817123413,1.0,0.03403040021657944,2.79677414894104
1155,0.5324175953865051,1.0,0.033762287348508835,2.89936900138855
1156,0.5332417488098145,1.0,0.033493682742118835,2.8422415256500244
1157,0.5392857193946838,1.0,0.033620718866586685,2.7994091510772705
1158,0.5343406796455383,1.0,0.03342195600271225,2.8662421703338623
1159,0.5326923131942749,1.0,0.03337603062391281,2.835160732269287
1160,0.5343406796455383,1.0,0.033327020704746246,2.794346570968628
1161,0.5354395508766174,1.0,0.0331287682056427,2.8405380249023438
1162,0.531593382358551,1.0,0.03349459916353226,2.9069533348083496
1163,0.5318681597709656,1.0,0.03329674154520035,2.8954105377197266
1164,0.5318681597709656,1.0,0.03308077156543732,2.8851397037506104
1165,0.5351648330688477,1.0,0.03400208801031113,2.836484909057617
1166,0.5324175953865051,1.0,0.03347131237387657,2.921985626220703
1167,0.535988986492157,1.0,0.03429330885410309,2.8788177967071533
1168,0.5263736248016357,1.0,0.033015165477991104,3.013669967651367
1169,0.5299450755119324,1.0,0.03304178640246391,2.875122308731079
1170,0.529395580291748,1.0,0.032740700989961624,2.8607988357543945
1171,0.5384615659713745,1.0,0.032760754227638245,2.773559093475342
1172,0.5354395508766174,1.0,0.03429250046610832,2.893385410308838
1173,0.5244505405426025,0.9991515874862671,0.03636375442147255,3.142988681793213
1174,0.5357142686843872,0.9780825972557068,0.14137519896030426,2.810805320739746
1175,0.5373626351356506,1.0,0.042303625494241714,2.756165027618408
1176,0.5335164666175842,1.0,0.035343993455171585,2.785172462463379
1177,0.533791184425354,1.0,0.033671971410512924,2.7811243534088135
1178,0.5321428775787354,1.0,0.03327121213078499,2.8305447101593018
1179,0.5310439467430115,1.0,0.0328432135283947,2.85866641998291
1180,0.5351648330688477,1.0,0.03264182433485985,2.7447714805603027
1181,0.541208803653717,1.0,0.032586440443992615,2.6723694801330566
1182,0.5428571701049805,1.0,0.03256943076848984,2.678661823272705
1183,0.5395604372024536,1.0,0.03232674300670624,2.7319138050079346
1184,0.535988986492157,1.0,0.03210000693798065,2.753098249435425
1185,0.533791184425354,1.0,0.031961552798748016,2.8111579418182373
1186,0.5340659618377686,1.0,0.032190386205911636,2.868497610092163
1187,0.5376373529434204,1.0,0.03201284632086754,2.7736783027648926
1188,0.5329670310020447,1.0,0.03181447461247444,2.8716189861297607
1189,0.53818678855896,1.0,0.03196433559060097,2.7343063354492188
1190,0.5332417488098145,1.0,0.03184729442000389,2.9056177139282227
1191,0.5348901152610779,1.0,0.03163812682032585,2.8262033462524414
1192,0.5439560413360596,1.0,0.03158104047179222,2.6766233444213867
1193,0.5370879173278809,1.0,0.03164070472121239,2.793572425842285
1194,0.5291208624839783,1.0,0.031399138271808624,2.886016845703125
1195,0.535988986492157,1.0,0.03194199129939079,2.8114569187164307
1196,0.5296703577041626,1.0,0.031461142003536224,2.892883539199829
1197,0.5324175953865051,1.0,0.03252214938402176,2.8845720291137695
1198,0.5318681597709656,1.0,0.03202638775110245,2.872645854949951
1199,0.5277472734451294,1.0,0.031546276062726974,3.0348494052886963
